{
    "category": "Fruit",
    "challenge": [
        "real",
        "rotten"
    ],
    "comment": "",
    "green_screen": "Yes",
    "master_imu": {
        "ax": 1.3890537023544312,
        "ay": -0.16989417374134064,
        "az": -9.572067260742188,
        "gx": 0.0022385641932487488,
        "gy": -0.0027063414454460144,
        "gz": 0.012077795341610909
    },
    "sequence": 282,
    "subcategory": "Lemon",
    "subordinate_imu": {
        "ax": 1.4159795045852661,
        "ay": -0.22348365187644958,
        "az": -9.75208568572998,
        "gx": 0.0013556510675698519,
        "gy": 0.0016945954412221909,
        "gz": -0.005154975689947605
    }
}
