{
    "category": "Fruit",
    "challenge": [
        "real",
        "rotten",
        "good"
    ],
    "comment": "",
    "green_screen": "Yes",
    "master_imu": {
        "ax": 1.3698307275772095,
        "ay": -0.14619560539722443,
        "az": -9.59595775604248,
        "gx": -0.0025886185467243195,
        "gy": -0.0033277124166488647,
        "gz": 0.008490106090903282
    },
    "sequence": 292,
    "subcategory": "Lemon",
    "subordinate_imu": {
        "ax": 1.4303089380264282,
        "ay": -0.22347614169120789,
        "az": -9.737825393676758,
        "gx": -0.0016931227874010801,
        "gy": 0.0023019537329673767,
        "gz": -0.00515494029968977
    }
}
