{
    "category": "Fruit",
    "challenge": [
        "peel",
        "sliced",
        "real",
        "good",
        "mirror",
        "hot"
    ],
    "comment": "multiple",
    "green_screen": "Yes",
    "master_imu": {
        "ax": 1.4325326681137085,
        "ay": -0.12730206549167633,
        "az": -9.610538482666016,
        "gx": -0.0019822372123599052,
        "gy": -0.003324810415506363,
        "gz": 0.008485620841383934
    },
    "sequence": 382,
    "subcategory": "Mandarin,Lemon,Kettle,Cup",
    "subordinate_imu": {
        "ax": 1.506779432296753,
        "ay": -0.2330603301525116,
        "az": -9.780658721923828,
        "gx": -0.001675763400271535,
        "gy": 0.007246833294630051,
        "gz": -0.002088175155222416
    }
}
