{
    "category": "Fruit",
    "challenge": [
        "rotten",
        "real",
        "fake",
        "good"
    ],
    "comment": "multiple",
    "green_screen": "Yes",
    "master_imu": {
        "ax": 1.3795568943023682,
        "ay": -0.1320040076971054,
        "az": -9.624744415283203,
        "gx": -0.0013803262263536453,
        "gy": -0.003325238823890686,
        "gz": 0.009085630998015404
    },
    "sequence": 383,
    "subcategory": "Lemon",
    "subordinate_imu": {
        "ax": 1.4446368217468262,
        "ay": -0.20919457077980042,
        "az": -9.733063697814941,
        "gx": 0.003204531501978636,
        "gy": 0.007257923483848572,
        "gz": -0.003305044025182724
    }
}
