{
    "category": "Fruit",
    "challenge": [
        "rotten",
        "real",
        "fake",
        "good"
    ],
    "comment": "multiple",
    "green_screen": "Yes",
    "master_imu": {
        "ax": 1.3986785411834717,
        "ay": -0.1509452909231186,
        "az": -9.572087287902832,
        "gx": -0.003196513280272484,
        "gy": -0.0027158111333847046,
        "gz": 0.009095683693885803
    },
    "sequence": 384,
    "subcategory": "Lemon",
    "subordinate_imu": {
        "ax": 1.5067750215530396,
        "ay": -0.2615921199321747,
        "az": -9.742642402648926,
        "gx": -0.00047133537009358406,
        "gy": 0.002920541912317276,
        "gz": -0.005762123502790928
    }
}
