{
    "category": "Fruit",
    "challenge": [
        "rotten",
        "real",
        "fake",
        "good"
    ],
    "comment": "multiple",
    "green_screen": "Yes",
    "master_imu": {
        "ax": 1.3600341081619263,
        "ay": -0.07981853187084198,
        "az": -9.567119598388672,
        "gx": -0.00195995531976223,
        "gy": -0.0014604441821575165,
        "gz": 0.006661931052803993
    },
    "sequence": 385,
    "subcategory": "Lemon",
    "subordinate_imu": {
        "ax": 1.4541879892349243,
        "ay": -0.20918545126914978,
        "az": -9.718802452087402,
        "gx": 0.0013527052942663431,
        "gy": 0.0022869687527418137,
        "gz": -0.012473569251596928
    }
}
