{
    "category": "Fruit",
    "challenge": [
        "rotten",
        "real"
    ],
    "comment": "multiple",
    "green_screen": "Yes",
    "master_imu": {
        "ax": 1.4035060405731201,
        "ay": -0.08461080491542816,
        "az": -9.591238975524902,
        "gx": -0.0007962994277477264,
        "gy": -0.0033389702439308167,
        "gz": 0.012103620916604996
    },
    "sequence": 386,
    "subcategory": "Lemon",
    "subordinate_imu": {
        "ax": 1.4685182571411133,
        "ay": -0.23772206902503967,
        "az": -9.680792808532715,
        "gx": 0.00014425721019506454,
        "gy": 0.004164265468716621,
        "gz": -0.003317376598715782
    }
}
