{
    "category": "Fruit",
    "challenge": [
        "rotten",
        "real"
    ],
    "comment": "multiple",
    "green_screen": "Yes",
    "master_imu": {
        "ax": 1.4084157943725586,
        "ay": -0.09410862624645233,
        "az": -9.615229606628418,
        "gx": -0.004407832864671946,
        "gy": -0.0014886781573295593,
        "gz": 0.009702344425022602
    },
    "sequence": 387,
    "subcategory": "Lemon",
    "subordinate_imu": {
        "ax": 1.4924108982086182,
        "ay": -0.19016343355178833,
        "az": -9.728310585021973,
        "gx": 0.003187171882018447,
        "gy": 0.002313043922185898,
        "gz": -0.006371808238327503
    }
}
