{
    "category": "Fruit",
    "challenge": [
        "rotten",
        "real"
    ],
    "comment": "multiple",
    "green_screen": "Yes",
    "master_imu": {
        "ax": 1.408279538154602,
        "ay": -0.1414690762758255,
        "az": -9.56252670288086,
        "gx": -0.00014376919716596603,
        "gy": -0.002069879323244095,
        "gz": 0.006651878822594881
    },
    "sequence": 388,
    "subcategory": "Lemon",
    "subordinate_imu": {
        "ax": 1.4828705787658691,
        "ay": -0.23301124572753906,
        "az": -9.733098030090332,
        "gx": 0.001969108125194907,
        "gy": 0.0035347677767276764,
        "gz": -0.008808714337646961
    }
}
