{
    "category": "Vegetables",
    "challenge": [
        "real",
        "good"
    ],
    "comment": "",
    "green_screen": "Yes",
    "master_imu": {
        "ax": 6.409314155578613,
        "ay": 0.18728144466876984,
        "az": -7.369240760803223,
        "gx": 0.0040711909532547,
        "gy": -0.004535391926765442,
        "gz": 0.009052072651684284
    },
    "sequence": 393,
    "subcategory": "Red Onion",
    "subordinate_imu": {
        "ax": 6.436952114105225,
        "ay": 0.15756544470787048,
        "az": -7.580590724945068,
        "gx": 0.0032005885150283575,
        "gy": 0.006630895659327507,
        "gz": -0.006357378326356411
    }
}
