{
    "category": "Vegetables",
    "challenge": [
        "real",
        "good"
    ],
    "comment": "",
    "green_screen": "Yes",
    "master_imu": {
        "ax": 6.414107322692871,
        "ay": 0.18254387378692627,
        "az": -7.359671592712402,
        "gx": -0.00379856675863266,
        "gy": 0.0009800754487514496,
        "gz": 0.010893242433667183
    },
    "sequence": 394,
    "subcategory": "Red Onion",
    "subordinate_imu": {
        "ax": 6.422607421875,
        "ay": 0.15283823013305664,
        "az": -7.547304630279541,
        "gx": 0.003806192195042968,
        "gy": 0.004788398742675781,
        "gz": -0.004532992839813232
    }
}
