{
    "category": "Vegetables",
    "challenge": [
        "real",
        "good"
    ],
    "comment": "",
    "green_screen": "Yes",
    "master_imu": {
        "ax": 6.390027046203613,
        "ay": 0.1920376420021057,
        "az": -7.3691725730896,
        "gx": -0.008612409234046936,
        "gy": 0.0022164136171340942,
        "gz": 0.006690851878374815
    },
    "sequence": 395,
    "subcategory": "Red Onion",
    "subordinate_imu": {
        "ax": 6.460834503173828,
        "ay": 0.11476384848356247,
        "az": -7.518821716308594,
        "gx": -0.0010799616575241089,
        "gy": 0.003533443436026573,
        "gz": -0.006370523013174534
    }
}
