{
    "category": "Fruit",
    "challenge": [
        "real",
        "rotten",
        "good",
        "fake"
    ],
    "comment": "",
    "green_screen": "Yes",
    "master_imu": {
        "ax": 1.3793822526931763,
        "ay": -0.09880171716213226,
        "az": -9.581578254699707,
        "gx": 0.006518997251987457,
        "gy": -0.0026594288647174835,
        "gz": 0.0072104437276721
    },
    "sequence": 293,
    "subcategory": "Lemon",
    "subordinate_imu": {
        "ax": 1.4446241855621338,
        "ay": -0.16635173559188843,
        "az": -9.737781524658203,
        "gx": 0.0007504525128751993,
        "gy": 0.0035391300916671753,
        "gz": -0.006369306705892086
    }
}
