{
    "category": "Vegetables",
    "challenge": [
        "real",
        "good"
    ],
    "comment": "multiple",
    "green_screen": "Yes",
    "master_imu": {
        "ax": 6.404448986053467,
        "ay": 0.22046399116516113,
        "az": -7.364409446716309,
        "gx": -0.0013566743582487106,
        "gy": 0.001619786024093628,
        "gz": 0.009058416821062565
    },
    "sequence": 396,
    "subcategory": "Red Onion",
    "subordinate_imu": {
        "ax": 6.408284664154053,
        "ay": 0.10048690438270569,
        "az": -7.533079624176025,
        "gx": 0.0025804617907851934,
        "gy": 0.0035427790135145187,
        "gz": -0.006978143937885761
    }
}
