{
    "category": "Vegetables",
    "challenge": [
        "real",
        "good"
    ],
    "comment": "multiple",
    "green_screen": "Yes",
    "master_imu": {
        "ax": 6.375633239746094,
        "ay": 0.22520768642425537,
        "az": -7.397866249084473,
        "gx": 0.0004105502739548683,
        "gy": -0.00456942617893219,
        "gz": 0.01210145466029644
    },
    "sequence": 397,
    "subcategory": "Red Onion",
    "subordinate_imu": {
        "ax": 6.393936634063721,
        "ay": 0.12430788576602936,
        "az": -7.518788814544678,
        "gx": 0.0031992958392947912,
        "gy": 0.00480281189084053,
        "gz": 0.0003470396623015404
    }
}
