{
    "category": "Vegetables",
    "challenge": [
        "real",
        "good"
    ],
    "comment": "multiple",
    "green_screen": "Yes",
    "master_imu": {
        "ax": 6.365793704986572,
        "ay": 0.21103699505329132,
        "az": -7.335522174835205,
        "gx": -0.0037687867879867554,
        "gy": 0.001618165522813797,
        "gz": 0.0072628711350262165
    },
    "sequence": 398,
    "subcategory": "Red Onion",
    "subordinate_imu": {
        "ax": 6.470414161682129,
        "ay": 0.10043726861476898,
        "az": -7.56638765335083,
        "gx": 0.0013571626041084528,
        "gy": 0.002309393137693405,
        "gz": -0.005762969143688679
    }
}
