{
    "category": "Vegetables",
    "challenge": [
        "real",
        "good"
    ],
    "comment": "multiple",
    "green_screen": "Yes",
    "master_imu": {
        "ax": 6.351428985595703,
        "ay": 0.1920773684978485,
        "az": -7.359454154968262,
        "gx": 0.0004312461242079735,
        "gy": -0.00024253129959106445,
        "gz": 0.012077642604708672
    },
    "sequence": 399,
    "subcategory": "Red Onion",
    "subordinate_imu": {
        "ax": 6.43217658996582,
        "ay": 0.1290188431739807,
        "az": -7.561593532562256,
        "gx": 0.001360185444355011,
        "gy": 0.0035389866679906845,
        "gz": -0.006978954188525677
    }
}
