{
    "category": "Vegetables",
    "challenge": [
        "real",
        "good"
    ],
    "comment": "multiple",
    "green_screen": "Yes",
    "master_imu": {
        "ax": 6.409104347229004,
        "ay": 0.18732032179832458,
        "az": -7.306920051574707,
        "gx": -0.0007590921595692635,
        "gy": -0.002079430967569351,
        "gz": 0.007865353487432003
    },
    "sequence": 400,
    "subcategory": "Red Onion",
    "subordinate_imu": {
        "ax": 6.408304214477539,
        "ay": 0.1099550649523735,
        "az": -7.594886302947998,
        "gx": 0.0007458088221028447,
        "gy": 0.002301381900906563,
        "gz": -0.0075935376808047295
    }
}
