{
    "category": "Vegetables",
    "challenge": [
        "real",
        "good"
    ],
    "comment": "multiple",
    "green_screen": "Yes",
    "master_imu": {
        "ax": 6.346611976623535,
        "ay": 0.20629659295082092,
        "az": -7.364223480224609,
        "gx": -0.0013804705813527107,
        "gy": 0.000370219349861145,
        "gz": 0.011483199894428253
    },
    "sequence": 401,
    "subcategory": "Red Onion",
    "subordinate_imu": {
        "ax": 6.422574520111084,
        "ay": 0.16718623042106628,
        "az": -7.471212387084961,
        "gx": 0.0031925165094435215,
        "gy": 0.004161512479186058,
        "gz": -0.0069756777957081795
    }
}
