{
    "category": "Vegetables",
    "challenge": [
        "real",
        "good",
        "mirror"
    ],
    "comment": "multiple",
    "green_screen": "Yes",
    "master_imu": {
        "ax": 6.385214805603027,
        "ay": 0.20151753723621368,
        "az": -7.373944282531738,
        "gx": -0.0013640299439430237,
        "gy": -0.000849403440952301,
        "gz": 0.008467528969049454
    },
    "sequence": 402,
    "subcategory": "Red Onion",
    "subordinate_imu": {
        "ax": 6.3652729988098145,
        "ay": 0.13381853699684143,
        "az": -7.542544841766357,
        "gx": 0.0038081088569015265,
        "gy": 0.0054052360355854034,
        "gz": -0.004530931822955608
    }
}
