{
    "category": "Vegetables",
    "challenge": [
        "real",
        "good",
        "mirror"
    ],
    "comment": "multiple",
    "green_screen": "Yes",
    "master_imu": {
        "ax": 6.404422283172607,
        "ay": 0.13991324603557587,
        "az": -7.335696697235107,
        "gx": -0.0037850113585591316,
        "gy": -0.0027054063975811005,
        "gz": 0.006682188715785742
    },
    "sequence": 403,
    "subcategory": "Red Onion",
    "subordinate_imu": {
        "ax": 6.427392959594727,
        "ay": 0.12903277575969696,
        "az": -7.547326564788818,
        "gx": 0.0007514493772760034,
        "gy": 0.004758529365062714,
        "gz": -0.010635565035045147
    }
}
