{
    "category": "Vegetables",
    "challenge": [
        "real",
        "good",
        "mirror"
    ],
    "comment": "multiple",
    "green_screen": "Yes",
    "master_imu": {
        "ax": 6.39004373550415,
        "ay": 0.17308031022548676,
        "az": -7.369184494018555,
        "gx": -0.0013714563101530075,
        "gy": -0.001470852643251419,
        "gz": 0.009075425565242767
    },
    "sequence": 404,
    "subcategory": "Red Onion",
    "subordinate_imu": {
        "ax": 6.408267974853516,
        "ay": 0.1433379352092743,
        "az": -7.528287887573242,
        "gx": -0.00046680099330842495,
        "gy": 0.00476493313908577,
        "gz": -0.007586103864014149
    }
}
