{
    "category": "Vegetables",
    "challenge": [
        "real",
        "good",
        "mirror"
    ],
    "comment": "multiple",
    "green_screen": "Yes",
    "master_imu": {
        "ax": 6.361042499542236,
        "ay": 0.20628991723060608,
        "az": -7.354684829711914,
        "gx": -0.0007576495409011841,
        "gy": -0.0008465014398097992,
        "gz": 0.00846304465085268
    },
    "sequence": 405,
    "subcategory": "Red Onion,Onion",
    "subordinate_imu": {
        "ax": 6.4417290687561035,
        "ay": 0.10999719053506851,
        "az": -7.533083915710449,
        "gx": 0.00012708432041108608,
        "gy": 0.0004347078502178192,
        "gz": -0.011870511807501316
    }
}
