{
    "category": "Fruit",
    "challenge": [
        "real",
        "rotten",
        "good",
        "fake"
    ],
    "comment": "",
    "green_screen": "Yes",
    "master_imu": {
        "ax": 1.4131968021392822,
        "ay": -0.12253691256046295,
        "az": -9.596089363098145,
        "gx": -0.003779098391532898,
        "gy": -0.0014691464602947235,
        "gz": 0.006675384938716888
    },
    "sequence": 294,
    "subcategory": "Lemon",
    "subordinate_imu": {
        "ax": 1.4589647054672241,
        "ay": -0.20442628860473633,
        "az": -9.718799591064453,
        "gx": 0.003189197974279523,
        "gy": 0.002323238179087639,
        "gz": -0.0033215349540114403
    }
}
