{
    "category": "Vegetables",
    "challenge": [
        "real",
        "good",
        "mirror"
    ],
    "comment": "multiple",
    "green_screen": "Yes",
    "master_imu": {
        "ax": 6.385199069976807,
        "ay": 0.18256618082523346,
        "az": -7.364368438720703,
        "gx": -0.0013938099145889282,
        "gy": -0.0014874860644340515,
        "gz": 0.012097900733351707
    },
    "sequence": 406,
    "subcategory": "Red Onion,Onion",
    "subordinate_imu": {
        "ax": 6.403499126434326,
        "ay": 0.09574826806783676,
        "az": -7.509306907653809,
        "gx": 0.0031975656747817993,
        "gy": 0.005401300266385078,
        "gz": -0.005141391418874264
    }
}
