{
    "category": "Vegetables",
    "challenge": [
        "real",
        "good",
        "mirror"
    ],
    "comment": "multiple",
    "green_screen": "Yes",
    "master_imu": {
        "ax": 6.418981075286865,
        "ay": 0.15883700549602509,
        "az": -7.369290828704834,
        "gx": -0.00678281020373106,
        "gy": 0.0016169734299182892,
        "gz": 0.004867314826697111
    },
    "sequence": 407,
    "subcategory": "Red Onion,Onion",
    "subordinate_imu": {
        "ax": 6.43213415145874,
        "ay": 0.17193147540092468,
        "az": -7.485476970672607,
        "gx": 0.002586212009191513,
        "gy": 0.005393287166953087,
        "gz": -0.0069719599559903145
    }
}
