{
    "category": "Vegetables",
    "challenge": [
        "real",
        "good"
    ],
    "comment": "multiple",
    "green_screen": "Yes",
    "master_imu": {
        "ax": 6.404623508453369,
        "ay": 0.18726173043251038,
        "az": -7.4075751304626465,
        "gx": -0.003788040019571781,
        "gy": -0.0014757998287677765,
        "gz": 0.00788437481969595
    },
    "sequence": 408,
    "subcategory": "Onion",
    "subordinate_imu": {
        "ax": 6.3748087882995605,
        "ay": 0.1386212557554245,
        "az": -7.49023962020874,
        "gx": 0.0019613320473581553,
        "gy": 0.0016740653663873672,
        "gz": -0.01186517346650362
    }
}
