{
    "category": "Vegetables",
    "challenge": [
        "real",
        "good"
    ],
    "comment": "multiple",
    "green_screen": "Yes",
    "master_imu": {
        "ax": 6.438263893127441,
        "ay": 0.15882013738155365,
        "az": -7.369356155395508,
        "gx": -0.0025783060118556023,
        "gy": -0.00024040043354034424,
        "gz": 0.009077591821551323
    },
    "sequence": 409,
    "subcategory": "Onion",
    "subordinate_imu": {
        "ax": 6.432149887084961,
        "ay": 0.11481044441461563,
        "az": -7.476016521453857,
        "gx": 0.001373010454699397,
        "gy": 0.006639478728175163,
        "gz": -0.0020882096141576767
    }
}
