{
    "category": "Vegetables",
    "challenge": [
        "real",
        "good"
    ],
    "comment": "multiple",
    "green_screen": "Yes",
    "master_imu": {
        "ax": 6.341767311096191,
        "ay": 0.19682812690734863,
        "az": -7.354625701904297,
        "gx": -0.0049920049495995045,
        "gy": 0.002220507711172104,
        "gz": 0.00908192340284586
    },
    "sequence": 410,
    "subcategory": "Onion",
    "subordinate_imu": {
        "ax": 6.422626972198486,
        "ay": 0.11473564803600311,
        "az": -7.566357612609863,
        "gx": 0.0019704331643879414,
        "gy": 0.0029342416673898697,
        "gz": -0.003930338658392429
    }
}
