{
    "category": "Vegetables",
    "challenge": [
        "real",
        "good"
    ],
    "comment": "multiple",
    "green_screen": "Yes",
    "master_imu": {
        "ax": 6.467087745666504,
        "ay": 0.16355210542678833,
        "az": -7.340686798095703,
        "gx": 0.0004432154819369316,
        "gy": -0.0014654770493507385,
        "gz": 0.00966646708548069
    },
    "sequence": 411,
    "subcategory": "Onion",
    "subordinate_imu": {
        "ax": 6.3939690589904785,
        "ay": 0.09568989276885986,
        "az": -7.580628395080566,
        "gx": 0.0007434869185090065,
        "gy": 0.0016825050115585327,
        "gz": -0.0082056550309062
    }
}
