{
    "category": "Vegetables",
    "challenge": [
        "real",
        "good"
    ],
    "comment": "multiple",
    "green_screen": "Yes",
    "master_imu": {
        "ax": 6.375654220581055,
        "ay": 0.20151101052761078,
        "az": -7.397881031036377,
        "gx": 0.0010704360902309418,
        "gy": -0.0008311457931995392,
        "gz": 0.007240600883960724
    },
    "sequence": 412,
    "subcategory": "Onion",
    "subordinate_imu": {
        "ax": 6.403513431549072,
        "ay": 0.11474207043647766,
        "az": -7.56635046005249,
        "gx": 0.001971648773178458,
        "gy": 0.002940358594059944,
        "gz": -0.002100173383951187
    }
}
