{
    "category": "Vegetables",
    "challenge": [
        "real",
        "good"
    ],
    "comment": "multiple",
    "green_screen": "Yes",
    "master_imu": {
        "ax": 6.380511283874512,
        "ay": 0.19676148891448975,
        "az": -7.407487869262695,
        "gx": -0.0025366274639964104,
        "gy": 0.0010224692523479462,
        "gz": 0.004234828986227512
    },
    "sequence": 413,
    "subcategory": "Onion",
    "subordinate_imu": {
        "ax": 6.374807834625244,
        "ay": 0.1671653389930725,
        "az": -7.513988971710205,
        "gx": 0.0001341592287644744,
        "gy": 0.0016846861690282822,
        "gz": -0.006985948421061039
    }
}
