{
    "category": "Vegetables",
    "challenge": [
        "real",
        "good"
    ],
    "comment": "",
    "green_screen": "Yes",
    "master_imu": {
        "ax": 6.375566482543945,
        "ay": 0.1541416049003601,
        "az": -7.359559535980225,
        "gx": -0.000713014043867588,
        "gy": 0.0010344982147216797,
        "gz": 0.0036168801598250866
    },
    "sequence": 414,
    "subcategory": "Onion",
    "subordinate_imu": {
        "ax": 6.374830722808838,
        "ay": 0.1195412278175354,
        "az": -7.533051013946533,
        "gx": 0.0038016578182578087,
        "gy": 0.0029440075159072876,
        "gz": -0.0027090124785900116
    }
}
