{
    "category": "Vegetables",
    "challenge": [
        "real",
        "good"
    ],
    "comment": "",
    "green_screen": "Yes",
    "master_imu": {
        "ax": 6.414155960083008,
        "ay": 0.16358055174350739,
        "az": -7.369271755218506,
        "gx": -0.0038103926926851273,
        "gy": -0.001492433249950409,
        "gz": 0.010906849056482315
    },
    "sequence": 415,
    "subcategory": "Onion",
    "subordinate_imu": {
        "ax": 6.446496486663818,
        "ay": 0.1100202202796936,
        "az": -7.5045552253723145,
        "gx": 0.0025858066510409117,
        "gy": 0.005391249433159828,
        "gz": -0.007582015357911587
    }
}
