{
    "category": "Fruit",
    "challenge": [
        "real",
        "rotten",
        "good",
        "fake"
    ],
    "comment": "",
    "green_screen": "Yes",
    "master_imu": {
        "ax": 1.4373294115066528,
        "ay": -0.13677896559238434,
        "az": -9.600972175598145,
        "gx": -0.003197955898940563,
        "gy": -0.003948740661144257,
        "gz": 0.008497992530465126
    },
    "sequence": 295,
    "subcategory": "Lemon",
    "subordinate_imu": {
        "ax": 1.492434024810791,
        "ay": -0.1854601502418518,
        "az": -9.794876098632812,
        "gx": 0.0037996317259967327,
        "gy": 0.0029338132590055466,
        "gz": -0.005759286694228649
    }
}
