{
    "category": "Vegetables",
    "challenge": [
        "real",
        "good"
    ],
    "comment": "",
    "green_screen": "Yes",
    "master_imu": {
        "ax": 6.428570747375488,
        "ay": 0.1446225345134735,
        "az": -7.350156784057617,
        "gx": -0.00801331177353859,
        "gy": -0.00209759920835495,
        "gz": 0.004896694794297218
    },
    "sequence": 416,
    "subcategory": "Onion",
    "subordinate_imu": {
        "ax": 6.39870548248291,
        "ay": 0.16238421201705933,
        "az": -7.528267860412598,
        "gx": 0.0038091056048870087,
        "gy": 0.006624637171626091,
        "gz": -0.00879719015210867
    }
}
