{
    "category": "Vegetables",
    "challenge": [
        "real",
        "good"
    ],
    "comment": "",
    "green_screen": "Yes",
    "master_imu": {
        "ax": 6.414143085479736,
        "ay": 0.1967529058456421,
        "az": -7.374044895172119,
        "gx": -0.0019481293857097626,
        "gy": 0.001012064516544342,
        "gz": 0.006648323964327574
    },
    "sequence": 417,
    "subcategory": "Onion",
    "subordinate_imu": {
        "ax": 6.432179927825928,
        "ay": 0.11474064737558365,
        "az": -7.556851387023926,
        "gx": 0.0001382112968713045,
        "gy": 0.0017050746828317642,
        "gz": -0.0008854027837514877
    }
}
