{
    "category": "Vegetables",
    "challenge": [
        "real",
        "good"
    ],
    "comment": "",
    "green_screen": "Yes",
    "master_imu": {
        "ax": 6.428525924682617,
        "ay": 0.15884651243686676,
        "az": -7.340559482574463,
        "gx": -0.001979352906346321,
        "gy": -0.0008589550852775574,
        "gz": 0.009681004099547863
    },
    "sequence": 418,
    "subcategory": "Onion",
    "subordinate_imu": {
        "ax": 6.393928527832031,
        "ay": 0.13859841227531433,
        "az": -7.509266376495361,
        "gx": 0.00014071969781070948,
        "gy": 0.003539271652698517,
        "gz": -0.005759655497968197
    }
}
