{
    "category": "Vegetables",
    "challenge": [
        "real",
        "good"
    ],
    "comment": "",
    "green_screen": "Yes",
    "master_imu": {
        "ax": 6.423915386199951,
        "ay": 0.15881185233592987,
        "az": -7.4028639793396,
        "gx": -0.0007755318656563759,
        "gy": -0.0008598081767559052,
        "gz": 0.010881024412810802
    },
    "sequence": 419,
    "subcategory": "Onion",
    "subordinate_imu": {
        "ax": 6.422611236572266,
        "ay": 0.17185667157173157,
        "az": -7.5758185386657715,
        "gx": 0.0025762233417481184,
        "gy": 0.002307070419192314,
        "gz": -0.007592321373522282
    }
}
