{
    "category": "Fruit",
    "challenge": [
        "real",
        "good"
    ],
    "comment": "multiple",
    "green_screen": "Yes",
    "master_imu": {
        "ax": 6.3755292892456055,
        "ay": 0.17784126102924347,
        "az": -7.3547515869140625,
        "gx": -0.0026140008121728897,
        "gy": -0.00211474671959877,
        "gz": 0.012714765965938568
    },
    "sequence": 420,
    "subcategory": "Grapes Green",
    "subordinate_imu": {
        "ax": 6.3987135887146,
        "ay": 0.13858038187026978,
        "az": -7.5282883644104,
        "gx": 0.0031938417814671993,
        "gy": 0.0035609863698482513,
        "gz": -0.002097301185131073
    }
}
