{
    "category": "Fruit",
    "challenge": [
        "real",
        "good"
    ],
    "comment": "multiple",
    "green_screen": "Yes",
    "master_imu": {
        "ax": 6.356350421905518,
        "ay": 0.18731586635112762,
        "az": -7.388236999511719,
        "gx": -0.0007591629400849342,
        "gy": -0.0002316981554031372,
        "gz": 0.009064137935638428
    },
    "sequence": 421,
    "subcategory": "Grapes Green",
    "subordinate_imu": {
        "ax": 6.403507232666016,
        "ay": 0.14329847693443298,
        "az": -7.575836181640625,
        "gx": 0.00014960195403546095,
        "gy": 0.006012732163071632,
        "gz": -0.003921247087419033
    }
}
