{
    "category": "Fruit",
    "challenge": [
        "real",
        "good"
    ],
    "comment": "multiple",
    "green_screen": "Yes",
    "master_imu": {
        "ax": 6.3947672843933105,
        "ay": 0.19204837083816528,
        "az": -7.345219135284424,
        "gx": -0.006197196431457996,
        "gy": -0.0008592978119850159,
        "gz": 0.006085427477955818
    },
    "sequence": 422,
    "subcategory": "Grapes Green",
    "subordinate_imu": {
        "ax": 6.446488380432129,
        "ay": 0.18615147471427917,
        "az": -7.552039623260498,
        "gx": 0.00379974115639925,
        "gy": 0.0023271720856428146,
        "gz": -0.0027110744267702103
    }
}
