{
    "category": "Fruit",
    "challenge": [
        "real",
        "good"
    ],
    "comment": "multiple",
    "green_screen": "Yes",
    "master_imu": {
        "ax": 6.332121849060059,
        "ay": 0.1826215386390686,
        "az": -7.349808216094971,
        "gx": -0.0031624063849449158,
        "gy": 0.0016210675239562988,
        "gz": 0.007258386351168156
    },
    "sequence": 423,
    "subcategory": "Grapes Green",
    "subordinate_imu": {
        "ax": 6.398714065551758,
        "ay": 0.1005229651927948,
        "az": -7.4950361251831055,
        "gx": 0.004415224306285381,
        "gy": 0.004177536815404892,
        "gz": -0.0033145397901535034
    }
}
