{
    "category": "Fruit",
    "challenge": [
        "real",
        "good"
    ],
    "comment": "multiple",
    "green_screen": "Yes",
    "master_imu": {
        "ax": 6.332093238830566,
        "ay": 0.19684253633022308,
        "az": -7.345005035400391,
        "gx": -0.0013550883159041405,
        "gy": -0.000842750072479248,
        "gz": 0.00725853955373168
    },
    "sequence": 424,
    "subcategory": "Grapes Green",
    "subordinate_imu": {
        "ax": 6.403507709503174,
        "ay": 0.1052410677075386,
        "az": -7.54258394241333,
        "gx": 0.0007509670685976744,
        "gy": 0.002934526652097702,
        "gz": -0.002711039036512375
    }
}
