{
    "category": "Fruit",
    "challenge": [
        "real",
        "good"
    ],
    "comment": "multiple",
    "green_screen": "Yes",
    "master_imu": {
        "ax": 6.370752334594727,
        "ay": 0.20153018832206726,
        "az": -7.373895168304443,
        "gx": -0.0007545491680502892,
        "gy": -0.00392383337020874,
        "gz": 0.0060620736330747604
    },
    "sequence": 425,
    "subcategory": "Grapes Green",
    "subordinate_imu": {
        "ax": 6.403477191925049,
        "ay": 0.14336827397346497,
        "az": -7.495000839233398,
        "gx": 0.003811241127550602,
        "gy": 0.006028186529874802,
        "gz": -0.002698705531656742
    }
}
