{
    "category": "Fruit",
    "challenge": [
        "real",
        "rotten",
        "good",
        "fake",
        "mirror"
    ],
    "comment": "",
    "green_screen": "Yes",
    "master_imu": {
        "ax": 1.4037009477615356,
        "ay": -0.12255539000034332,
        "az": -9.639201164245605,
        "gx": 0.0004759524017572403,
        "gy": -0.00020926445722579956,
        "gz": 0.0060326941311359406
    },
    "sequence": 296,
    "subcategory": "Lemon",
    "subordinate_imu": {
        "ax": 1.4446394443511963,
        "ay": -0.23774275183677673,
        "az": -9.714069366455078,
        "gx": 0.0013633178314194083,
        "gy": 0.004161940887570381,
        "gz": -0.005146731622517109
    }
}
