{
    "category": "Fruit",
    "challenge": [
        "real",
        "good",
        "rotten"
    ],
    "comment": "multiple",
    "green_screen": "Yes",
    "master_imu": {
        "ax": 6.356131553649902,
        "ay": 0.19683341681957245,
        "az": -7.325910568237305,
        "gx": -0.0031951433047652245,
        "gy": 0.00036484748125076294,
        "gz": 0.010892159305512905
    },
    "sequence": 426,
    "subcategory": "Grapes Green",
    "subordinate_imu": {
        "ax": 6.38916540145874,
        "ay": 0.11953640729188919,
        "az": -7.533056259155273,
        "gx": 0.0007415702566504478,
        "gy": 0.0010656733065843582,
        "gz": -0.008207716979086399
    }
}
