{
    "category": "Fruit",
    "challenge": [
        "real",
        "good",
        "rotten"
    ],
    "comment": "multiple",
    "green_screen": "Yes",
    "master_imu": {
        "ax": 6.380560874938965,
        "ay": 0.15884381532669067,
        "az": -7.4123053550720215,
        "gx": -0.0019509419798851013,
        "gy": -0.0033015236258506775,
        "gz": 0.004254156723618507
    },
    "sequence": 427,
    "subcategory": "Grapes Green",
    "subordinate_imu": {
        "ax": 6.432174205780029,
        "ay": 0.11475296318531036,
        "az": -7.542586326599121,
        "gx": 0.0007589295273646712,
        "gy": 0.006010551005601883,
        "gz": -0.005140951834619045
    }
}
