{
    "category": "Fruit",
    "challenge": [
        "real",
        "good",
        "rotten"
    ],
    "comment": "multiple",
    "green_screen": "Yes",
    "master_imu": {
        "ax": 6.3611273765563965,
        "ay": 0.18258129060268402,
        "az": -7.373874664306641,
        "gx": -0.0007828874513506889,
        "gy": -0.003328990191221237,
        "gz": 0.010290136560797691
    },
    "sequence": 428,
    "subcategory": "Grapes Green",
    "subordinate_imu": {
        "ax": 6.446501731872559,
        "ay": 0.15282198786735535,
        "az": -7.55682373046875,
        "gx": 0.0001379925524815917,
        "gy": 0.0029183588922023773,
        "gz": -0.006981826387345791
    }
}
