{
    "category": "Fruit",
    "challenge": [
        "real",
        "good",
        "rotten"
    ],
    "comment": "multiple",
    "green_screen": "Yes",
    "master_imu": {
        "ax": 6.365775108337402,
        "ay": 0.15891629457473755,
        "az": -7.316379070281982,
        "gx": -0.0019912496209144592,
        "gy": -0.001483730971813202,
        "gz": 0.01089339517056942
    },
    "sequence": 429,
    "subcategory": "Grapes Green",
    "subordinate_imu": {
        "ax": 6.413049697875977,
        "ay": 0.13857145607471466,
        "az": -7.533048629760742,
        "gx": -0.001072700135409832,
        "gy": 0.005998747423291206,
        "gz": -0.0069723306223750114
    }
}
