{
    "category": "Fruit",
    "challenge": [
        "real",
        "good",
        "rotten"
    ],
    "comment": "multiple",
    "green_screen": "Yes",
    "master_imu": {
        "ax": 6.360989570617676,
        "ay": 0.2110382318496704,
        "az": -7.340299606323242,
        "gx": -0.003789554350078106,
        "gy": -0.0008610039949417114,
        "gz": 0.008485468104481697
    },
    "sequence": 430,
    "subcategory": "Grapes Green",
    "subordinate_imu": {
        "ax": 6.432165622711182,
        "ay": 0.110016830265522,
        "az": -7.514060020446777,
        "gx": 0.0007492369040846825,
        "gy": 0.003533013164997101,
        "gz": -0.008199471049010754
    }
}
