{
    "category": "Fruit",
    "challenge": [
        "real",
        "good",
        "rotten"
    ],
    "comment": "multiple",
    "green_screen": "Yes",
    "master_imu": {
        "ax": 6.361066818237305,
        "ay": 0.19680826365947723,
        "az": -7.35948371887207,
        "gx": -0.00020621530711650848,
        "gy": -0.005811911076307297,
        "gz": 0.012717237696051598
    },
    "sequence": 431,
    "subcategory": "Grapes Green",
    "subordinate_imu": {
        "ax": 6.432180881500244,
        "ay": 0.14328062534332275,
        "az": -7.58535623550415,
        "gx": 0.00014425721019506454,
        "gy": 0.004164265468716621,
        "gz": -0.003317376598715782
    }
}
