{
    "category": "Fruit",
    "challenge": [
        "real",
        "good",
        "rotten"
    ],
    "comment": "multiple",
    "green_screen": "Yes",
    "master_imu": {
        "ax": 6.399631977081299,
        "ay": 0.19677452743053436,
        "az": -7.35961389541626,
        "gx": 0.00043131783604621887,
        "gy": -0.0020902641117572784,
        "gz": 0.010878858156502247
    },
    "sequence": 432,
    "subcategory": "Grapes Green",
    "subordinate_imu": {
        "ax": 6.389159202575684,
        "ay": 0.13857948780059814,
        "az": -7.533039569854736,
        "gx": 0.0037911548279225826,
        "gy": 0.00046239420771598816,
        "gz": -0.006987639702856541
    }
}
