{
    "category": "Fruit",
    "challenge": [
        "real",
        "good",
        "rotten"
    ],
    "comment": "multiple",
    "green_screen": "Yes",
    "master_imu": {
        "ax": 6.390015602111816,
        "ay": 0.18730129301548004,
        "az": -7.364381313323975,
        "gx": 0.0010659648105502129,
        "gy": -0.0008344724774360657,
        "gz": 0.007845095358788967
    },
    "sequence": 433,
    "subcategory": "Grapes Green",
    "subordinate_imu": {
        "ax": 6.408274173736572,
        "ay": 0.15759560465812683,
        "az": -7.556805610656738,
        "gx": -0.0010757232084870338,
        "gy": 0.004769152030348778,
        "gz": -0.005756343714892864
    }
}
