{
    "category": "Fruit",
    "challenge": [
        "real",
        "good",
        "rotten"
    ],
    "comment": "multiple",
    "green_screen": "Yes",
    "master_imu": {
        "ax": 6.351380825042725,
        "ay": 0.17313198745250702,
        "az": -7.340290546417236,
        "gx": -0.001337277702987194,
        "gy": 0.001018289476633072,
        "gz": 0.00603934470564127
    },
    "sequence": 434,
    "subcategory": "Grapes Green",
    "subordinate_imu": {
        "ax": 6.40828800201416,
        "ay": 0.10047868639230728,
        "az": -7.5425896644592285,
        "gx": 0.0007511535659432411,
        "gy": 0.004149850457906723,
        "gz": -0.008197409100830555
    }
}
