{
    "category": "Fruit",
    "challenge": [
        "fake"
    ],
    "comment": "multiple",
    "green_screen": "Yes",
    "master_imu": {
        "ax": 6.35137939453125,
        "ay": 0.2299950271844864,
        "az": -7.354637622833252,
        "gx": -0.002582777291536331,
        "gy": -0.00024372711777687073,
        "gz": 0.009682086296379566
    },
    "sequence": 435,
    "subcategory": "Grapes Green",
    "subordinate_imu": {
        "ax": 6.370028495788574,
        "ay": 0.14338363707065582,
        "az": -7.490233898162842,
        "gx": 0.0031941374763846397,
        "gy": 0.00416966900229454,
        "gz": -0.004535459913313389
    }
}
