{
    "category": "Fruit",
    "challenge": [
        "real",
        "rotten",
        "good",
        "fake",
        "mirror"
    ],
    "comment": "",
    "green_screen": "Yes",
    "master_imu": {
        "ax": 1.3748644590377808,
        "ay": -0.0941150039434433,
        "az": -9.672642707824707,
        "gx": -0.0013356907293200493,
        "gy": -0.0014442391693592072,
        "gz": 0.0042394669726490974
    },
    "sequence": 297,
    "subcategory": "Lemon",
    "subordinate_imu": {
        "ax": 1.425523281097412,
        "ay": -0.1758873462677002,
        "az": -9.761557579040527,
        "gx": 0.0025816773995757103,
        "gy": 0.003548895940184593,
        "gz": -0.005147981457412243
    }
}
