{
    "category": "Fruit",
    "challenge": [
        "fake"
    ],
    "comment": "multiple",
    "green_screen": "Yes",
    "master_imu": {
        "ax": 6.365846157073975,
        "ay": 0.22524303197860718,
        "az": -7.354689121246338,
        "gx": -0.001970411278307438,
        "gy": -0.0008523017168045044,
        "gz": 0.008472014218568802
    },
    "sequence": 436,
    "subcategory": "Grapes Green",
    "subordinate_imu": {
        "ax": 6.350947380065918,
        "ay": 0.09574541449546814,
        "az": -7.53306245803833,
        "gx": 0.0013705792371183634,
        "gy": 0.006627244874835014,
        "gz": -0.0057485392317175865
    }
}
