{
    "category": "Fruit",
    "challenge": [
        "fake"
    ],
    "comment": "multiple",
    "green_screen": "Yes",
    "master_imu": {
        "ax": 6.404473781585693,
        "ay": 0.1920279860496521,
        "az": -7.36442756652832,
        "gx": 0.001629154197871685,
        "gy": -0.0014796368777751923,
        "gz": 0.013284467160701752
    },
    "sequence": 437,
    "subcategory": "Grapes Green",
    "subordinate_imu": {
        "ax": 6.393931865692139,
        "ay": 0.0862627923488617,
        "az": -7.471271514892578,
        "gx": 0.0013576771598309278,
        "gy": 0.0017047896981239319,
        "gz": -0.0021047014743089676
    }
}
