{
    "category": "Fruit",
    "challenge": [
        "fake",
        "real",
        "good"
    ],
    "comment": "multiple",
    "green_screen": "Yes",
    "master_imu": {
        "ax": 6.341754913330078,
        "ay": 0.21104612946510315,
        "az": -7.354617118835449,
        "gx": -0.001986851915717125,
        "gy": 0.00036732107400894165,
        "gz": 0.011487685143947601
    },
    "sequence": 438,
    "subcategory": "Grapes Green",
    "subordinate_imu": {
        "ax": 6.374814510345459,
        "ay": 0.15763559937477112,
        "az": -7.523508548736572,
        "gx": 0.0001386936055496335,
        "gy": 0.003529079258441925,
        "gz": -0.00880992878228426
    }
}
