{
    "category": "Fruit",
    "challenge": [
        "fake",
        "real",
        "good"
    ],
    "comment": "multiple",
    "green_screen": "Yes",
    "master_imu": {
        "ax": 6.39961576461792,
        "ay": 0.19677750766277313,
        "az": -7.354820728302002,
        "gx": -0.009238187223672867,
        "gy": 0.0028150156140327454,
        "gz": 0.009714409708976746
    },
    "sequence": 439,
    "subcategory": "Grapes Green",
    "subordinate_imu": {
        "ax": 6.413049221038818,
        "ay": 0.13381478190422058,
        "az": -7.5282979011535645,
        "gx": 0.0007449983386322856,
        "gy": 0.0022973045706748962,
        "gz": -0.008813646622002125
    }
}
