{
    "category": "Fruit",
    "challenge": [
        "fake",
        "real",
        "good"
    ],
    "comment": "multiple",
    "green_screen": "Yes",
    "master_imu": {
        "ax": 6.4380974769592285,
        "ay": 0.20149806141853333,
        "az": -7.330977916717529,
        "gx": 0.0029015494510531425,
        "gy": -0.002045396715402603,
        "gz": 0.0048159705474972725
    },
    "sequence": 440,
    "subcategory": "Grapes Green",
    "subordinate_imu": {
        "ax": 6.408249855041504,
        "ay": 0.16716641187667847,
        "az": -7.49973726272583,
        "gx": 0.003194947959855199,
        "gy": 0.004173746332526207,
        "gz": -0.0033153509721159935
    }
}
