{
    "category": "Fruit",
    "challenge": [
        "fake",
        "real",
        "good"
    ],
    "comment": "multiple, bowl",
    "green_screen": "Yes",
    "master_imu": {
        "ax": 6.380251884460449,
        "ay": 0.23471802473068237,
        "az": -7.3403496742248535,
        "gx": 0.002266830764710903,
        "gy": -0.001453448086977005,
        "gz": 0.009048517793416977
    },
    "sequence": 441,
    "subcategory": "Grapes Green",
    "subordinate_imu": {
        "ax": 6.393937587738037,
        "ay": 0.15760454535484314,
        "az": -7.552044868469238,
        "gx": 0.00319303129799664,
        "gy": 0.0035569090396165848,
        "gz": -0.0033174119889736176
    }
}
