{
    "category": "Fruit",
    "challenge": [
        "fake",
        "real",
        "good"
    ],
    "comment": "multiple, bowl",
    "green_screen": "Yes",
    "master_imu": {
        "ax": 6.418944358825684,
        "ay": 0.18253666162490845,
        "az": -7.3644819259643555,
        "gx": -0.0013863109052181244,
        "gy": -0.002713765949010849,
        "gz": 0.010291218757629395
    },
    "sequence": 442,
    "subcategory": "Grapes Green",
    "subordinate_imu": {
        "ax": 6.384395599365234,
        "ay": 0.11000415682792664,
        "az": -7.547327041625977,
        "gx": 0.00136099592782557,
        "gy": 0.003543063998222351,
        "gz": -0.005758845247328281
    }
}
