{
    "category": "Fruit",
    "challenge": [
        "fake",
        "real",
        "good"
    ],
    "comment": "multiple, bowl",
    "green_screen": "Yes",
    "master_imu": {
        "ax": 6.3272881507873535,
        "ay": 0.23475244641304016,
        "az": -7.359346389770508,
        "gx": 0.004662502557039261,
        "gy": -0.0002322085201740265,
        "gz": 0.013859735801815987
    },
    "sequence": 443,
    "subcategory": "Grapes Green",
    "subordinate_imu": {
        "ax": 6.393951416015625,
        "ay": 0.08621762692928314,
        "az": -7.5235772132873535,
        "gx": 0.0037973099388182163,
        "gy": 0.002314940094947815,
        "gz": -0.006371402181684971
    }
}
