{
    "category": "Fruit",
    "challenge": [
        "fake",
        "real",
        "good"
    ],
    "comment": "multiple, bowl",
    "green_screen": "Yes",
    "master_imu": {
        "ax": 6.375540256500244,
        "ay": 0.22048629820346832,
        "az": -7.369106292724609,
        "gx": -0.005008373409509659,
        "gy": 0.0015924051403999329,
        "gz": 0.010898809880018234
    },
    "sequence": 444,
    "subcategory": "Grapes Green",
    "subordinate_imu": {
        "ax": 6.413041114807129,
        "ay": 0.14810529351234436,
        "az": -7.518775463104248,
        "gx": 0.00014061026740819216,
        "gy": 0.004145916551351547,
        "gz": -0.00880786869674921
    }
}
