{
    "category": "Fruit",
    "challenge": [
        "fake",
        "real",
        "good"
    ],
    "comment": "multiple, bowl",
    "green_screen": "Yes",
    "master_imu": {
        "ax": 6.356120586395264,
        "ay": 0.1731427162885666,
        "az": -7.316337585449219,
        "gx": -0.002581334672868252,
        "gy": 0.0009892024099826813,
        "gz": 0.010279778391122818
    },
    "sequence": 445,
    "subcategory": "Grapes Green",
    "subordinate_imu": {
        "ax": 6.379606246948242,
        "ay": 0.13381782174110413,
        "az": -7.537795066833496,
        "gx": 0.0001341592287644744,
        "gy": 0.0016846861690282822,
        "gz": -0.006985948421061039
    }
}
