{
    "category": "Fruit",
    "challenge": [
        "real",
        "rotten",
        "good",
        "fake",
        "mirror"
    ],
    "comment": "",
    "green_screen": "Yes",
    "master_imu": {
        "ax": 1.4229142665863037,
        "ay": -0.0799122303724289,
        "az": -9.62965202331543,
        "gx": -0.005590815097093582,
        "gy": -0.000856395810842514,
        "gz": 0.00608094222843647
    },
    "sequence": 298,
    "subcategory": "Lemon",
    "subordinate_imu": {
        "ax": 1.4637830257415771,
        "ay": -0.26636311411857605,
        "az": -9.771159172058105,
        "gx": -0.0016898040194064379,
        "gy": 0.004140229895710945,
        "gz": -0.008809083141386509
    }
}
