{
    "category": "Fruit",
    "challenge": [
        "fake",
        "real",
        "good"
    ],
    "comment": "multiple, bowl",
    "green_screen": "Yes",
    "master_imu": {
        "ax": 6.351428508758545,
        "ay": 0.2110317051410675,
        "az": -7.364236831665039,
        "gx": -0.000772504135966301,
        "gy": -0.0020894110202789307,
        "gz": 0.009678837843239307
    },
    "sequence": 446,
    "subcategory": "Grapes Green",
    "subordinate_imu": {
        "ax": 6.417840480804443,
        "ay": 0.12427110970020294,
        "az": -7.552082538604736,
        "gx": 0.003195243887603283,
        "gy": 0.004782423377037048,
        "gz": -0.0057535069063305855
    }
}
