{
    "category": "Fruit",
    "challenge": [
        "real",
        "good"
    ],
    "comment": "multiple",
    "green_screen": "Yes",
    "master_imu": {
        "ax": 6.390031814575195,
        "ay": 0.16834396123886108,
        "az": -7.36439323425293,
        "gx": -0.0019377460703253746,
        "gy": 0.0022516436874866486,
        "gz": 0.006037025712430477
    },
    "sequence": 447,
    "subcategory": "Grapes Blue",
    "subordinate_imu": {
        "ax": 6.393924713134766,
        "ay": 0.14336328208446503,
        "az": -7.504506587982178,
        "gx": 0.004404720850288868,
        "gy": 0.001695919781923294,
        "gz": -0.0075931670144200325
    }
}
