{
    "category": "Fruit",
    "challenge": [
        "real",
        "good"
    ],
    "comment": "multiple",
    "green_screen": "Yes",
    "master_imu": {
        "ax": 6.361114978790283,
        "ay": 0.19679929316043854,
        "az": -7.373865604400635,
        "gx": -0.001934790052473545,
        "gy": 0.0028697773814201355,
        "gz": 0.006033623591065407
    },
    "sequence": 448,
    "subcategory": "Grapes Blue",
    "subordinate_imu": {
        "ax": 6.374827861785889,
        "ay": 0.13381943106651306,
        "az": -7.537793159484863,
        "gx": 0.002577844075858593,
        "gy": 0.0023152250796556473,
        "gz": -0.005152103491127491
    }
}
