{
    "category": "Fruit",
    "challenge": [
        "real",
        "good"
    ],
    "comment": "multiple",
    "green_screen": "Yes",
    "master_imu": {
        "ax": 6.351360321044922,
        "ay": 0.17787431180477142,
        "az": -7.335494041442871,
        "gx": -0.003834117203950882,
        "gy": -0.004589729011058807,
        "gz": 0.012132847681641579
    },
    "sequence": 449,
    "subcategory": "Grapes Blue",
    "subordinate_imu": {
        "ax": 6.4130377769470215,
        "ay": 0.15762683749198914,
        "az": -7.5187668800354,
        "gx": 0.00014506757725030184,
        "gy": 0.004168342798948288,
        "gz": -0.0020972657948732376
    }
}
