{
    "category": "Fruit",
    "challenge": [
        "real",
        "good"
    ],
    "comment": "multiple",
    "green_screen": "Yes",
    "master_imu": {
        "ax": 6.370567798614502,
        "ay": 0.1541787087917328,
        "az": -7.30681037902832,
        "gx": -0.004403290338814259,
        "gy": -0.003333084285259247,
        "gz": 0.00789906457066536
    },
    "sequence": 450,
    "subcategory": "Grapes Blue",
    "subordinate_imu": {
        "ax": 6.39872407913208,
        "ay": 0.14331240952014923,
        "az": -7.561568737030029,
        "gx": 0.00257905968464911,
        "gy": 0.0023213420063257217,
        "gz": -0.003321940079331398
    }
}
