{
    "category": "Fruit",
    "challenge": [
        "real",
        "good"
    ],
    "comment": "multiple",
    "green_screen": "Yes",
    "master_imu": {
        "ax": 6.365724563598633,
        "ay": 0.2347426414489746,
        "az": -7.3211259841918945,
        "gx": 0.005870865657925606,
        "gy": -0.0020774677395820618,
        "gz": 0.013256475329399109
    },
    "sequence": 451,
    "subcategory": "Grapes Blue",
    "subordinate_imu": {
        "ax": 6.384355068206787,
        "ay": 0.17193931341171265,
        "az": -7.494968891143799,
        "gx": 0.0025821919552981853,
        "gy": 0.00294429250061512,
        "gz": -0.0014897147193551064
    }
}
