{
    "category": "Fruit",
    "challenge": [
        "real",
        "good"
    ],
    "comment": "multiple",
    "green_screen": "Yes",
    "master_imu": {
        "ax": 6.365963935852051,
        "ay": 0.2015284299850464,
        "az": -7.3834662437438965,
        "gx": -0.0019882936030626297,
        "gy": -0.0008656084537506104,
        "gz": 0.010889993980526924
    },
    "sequence": 452,
    "subcategory": "Grapes Blue",
    "subordinate_imu": {
        "ax": 6.3891496658325195,
        "ay": 0.12433002889156342,
        "az": -7.495011806488037,
        "gx": 0.003188683185726404,
        "gy": 0.002927839756011963,
        "gz": -0.006979799829423428
    }
}
