{
    "category": "Fruit",
    "challenge": [
        "real",
        "good"
    ],
    "comment": "multiple",
    "green_screen": "Yes",
    "master_imu": {
        "ax": 6.370672702789307,
        "ay": 0.1446821093559265,
        "az": -7.335579872131348,
        "gx": 0.0016916710883378983,
        "gy": 0.00041466206312179565,
        "gz": 0.006020322907716036
    },
    "sequence": 453,
    "subcategory": "Grapes Blue",
    "subordinate_imu": {
        "ax": 6.436949253082275,
        "ay": 0.1290295571088791,
        "az": -7.547330379486084,
        "gx": 0.001971648773178458,
        "gy": 0.002940358594059944,
        "gz": -0.002100173383951187
    }
}
