{
    "category": "Fruit",
    "challenge": [
        "real",
        "good"
    ],
    "comment": "multiple",
    "green_screen": "Yes",
    "master_imu": {
        "ax": 6.409027099609375,
        "ay": 0.20155028998851776,
        "az": -7.287735462188721,
        "gx": -0.004403362516313791,
        "gy": -0.0014853514730930328,
        "gz": 0.009097849018871784
    },
    "sequence": 454,
    "subcategory": "Grapes Blue",
    "subordinate_imu": {
        "ax": 6.389157772064209,
        "ay": 0.15761025249958038,
        "az": -7.547287940979004,
        "gx": 0.0038053817115724087,
        "gy": 0.0047843195497989655,
        "gz": -0.005753102712333202
    }
}
