{
    "category": "Fruit",
    "challenge": [
        "real",
        "good"
    ],
    "comment": "multiple",
    "green_screen": "Yes",
    "master_imu": {
        "ax": 6.341536998748779,
        "ay": 0.1826549768447876,
        "az": -7.282725811004639,
        "gx": -0.0038103926926851273,
        "gy": -0.001492433249950409,
        "gz": 0.010906849056482315
    },
    "sequence": 455,
    "subcategory": "Grapes Blue",
    "subordinate_imu": {
        "ax": 6.398705005645752,
        "ay": 0.1386009156703949,
        "az": -7.504512786865234,
        "gx": 0.00014809053391218185,
        "gy": 0.005397936329245567,
        "gz": -0.003313254565000534
    }
}
