{
    "category": "Fruit",
    "challenge": [
        "real",
        "rotten",
        "good",
        "fake",
        "mirror"
    ],
    "comment": "bowl",
    "green_screen": "Yes",
    "master_imu": {
        "ax": 1.3985639810562134,
        "ay": -0.09406130015850067,
        "az": -9.552877426147461,
        "gx": 0.0022876691073179245,
        "gy": -0.0008220188319683075,
        "gz": 0.006627136375755072
    },
    "sequence": 299,
    "subcategory": "Lemon",
    "subordinate_imu": {
        "ax": 1.4780789613723755,
        "ay": -0.1616227626800537,
        "az": -9.761565208435059,
        "gx": 0.00014193530660122633,
        "gy": 0.0035453885793685913,
        "gz": -0.0039294930174946785
    }
}
