{
    "category": "Fruit",
    "challenge": [
        "real",
        "rotten"
    ],
    "comment": "multiple",
    "green_screen": "Yes",
    "master_imu": {
        "ax": 6.356345176696777,
        "ay": 0.22996389865875244,
        "az": -7.39779806137085,
        "gx": -0.005636964458972216,
        "gy": -0.002122592180967331,
        "gz": 0.011528199538588524
    },
    "sequence": 456,
    "subcategory": "Grapes Blue",
    "subordinate_imu": {
        "ax": 6.355713367462158,
        "ay": 0.14809995889663696,
        "az": -7.54728364944458,
        "gx": 0.001980312168598175,
        "gy": 0.006627103313803673,
        "gz": -0.0063581885769963264
    }
}
