{
    "category": "Fruit",
    "challenge": [
        "real",
        "rotten"
    ],
    "comment": "multiple",
    "green_screen": "Yes",
    "master_imu": {
        "ax": 6.380370616912842,
        "ay": 0.1730947196483612,
        "az": -7.359563827514648,
        "gx": 0.002228108234703541,
        "gy": -0.002098195254802704,
        "gz": 0.013887878507375717
    },
    "sequence": 457,
    "subcategory": "Grapes Blue",
    "subordinate_imu": {
        "ax": 6.427370548248291,
        "ay": 0.14335614442825317,
        "az": -7.499764919281006,
        "gx": 0.0007582285907119513,
        "gy": 0.0053998325020074844,
        "gz": -0.0033128485083580017
    }
}
