{
    "category": "Fruit",
    "challenge": [
        "real",
        "rotten"
    ],
    "comment": "multiple",
    "green_screen": "Yes",
    "master_imu": {
        "ax": 6.375500202178955,
        "ay": 0.21101659536361694,
        "az": -7.354730606079102,
        "gx": -0.006218107417225838,
        "gy": 0.0003569982945919037,
        "gz": 0.009705592878162861
    },
    "sequence": 458,
    "subcategory": "Grapes Blue",
    "subordinate_imu": {
        "ax": 6.3843889236450195,
        "ay": 0.11953391134738922,
        "az": -7.537808895111084,
        "gx": -0.0010798522271215916,
        "gy": 0.0029268022626638412,
        "gz": -0.0033223098143935204
    }
}
