{
    "category": "Fruit",
    "challenge": [
        "real",
        "rotten"
    ],
    "comment": "multiple",
    "green_screen": "Yes",
    "master_imu": {
        "ax": 6.351343631744385,
        "ay": 0.19683164358139038,
        "az": -7.335482120513916,
        "gx": -0.0037909969687461853,
        "gy": -0.0020939335227012634,
        "gz": 0.00788777694106102
    },
    "sequence": 459,
    "subcategory": "Grapes Blue",
    "subordinate_imu": {
        "ax": 6.41783332824707,
        "ay": 0.13380086421966553,
        "az": -7.542564392089844,
        "gx": 0.0019641683902591467,
        "gy": 0.0016883369535207748,
        "gz": -0.007594789378345013
    }
}
