{
    "category": "Fruit",
    "challenge": [
        "real",
        "rotten"
    ],
    "comment": "multiple",
    "green_screen": "Yes",
    "master_imu": {
        "ax": 6.361253261566162,
        "ay": 0.16834235191345215,
        "az": -7.407440662384033,
        "gx": 0.00043138954788446426,
        "gy": -0.003937993198633194,
        "gz": 0.009680073708295822
    },
    "sequence": 460,
    "subcategory": "Grapes Blue",
    "subordinate_imu": {
        "ax": 6.37959098815918,
        "ay": 0.15763810276985168,
        "az": -7.518754482269287,
        "gx": 0.00014890090096741915,
        "gy": 0.005402013659477234,
        "gz": -0.0020931437611579895
    }
}
