{
    "category": "Fruit",
    "challenge": [
        "real",
        "rotten"
    ],
    "comment": "multiple",
    "green_screen": "Yes",
    "master_imu": {
        "ax": 6.341798305511475,
        "ay": 0.2536851763725281,
        "az": -7.378559589385986,
        "gx": -0.00013482756912708282,
        "gy": -0.002063225954771042,
        "gz": 0.00544288894161582
    },
    "sequence": 461,
    "subcategory": "Grapes Blue",
    "subordinate_imu": {
        "ax": 6.3748273849487305,
        "ay": 0.12906277179718018,
        "az": -7.5330424308776855,
        "gx": 0.00013920816127210855,
        "gy": 0.0029244758188724518,
        "gz": -0.0051516639068722725
    }
}
