{
    "category": "Fruit",
    "challenge": [
        "real",
        "rotten",
        "fake"
    ],
    "comment": "multiple",
    "green_screen": "Yes",
    "master_imu": {
        "ax": 6.356184959411621,
        "ay": 0.17313076555728912,
        "az": -7.335513114929199,
        "gx": -0.0007755318656563759,
        "gy": -0.0008598081767559052,
        "gz": 0.010881024412810802
    },
    "sequence": 462,
    "subcategory": "Grapes Blue",
    "subordinate_imu": {
        "ax": 6.393932819366455,
        "ay": 0.11955943703651428,
        "az": -7.504527568817139,
        "gx": 0.0013643146958202124,
        "gy": 0.0053813401609659195,
        "gz": -0.00941298808902502
    }
}
