{
    "category": "Fruit",
    "challenge": [
        "real",
        "rotten",
        "fake"
    ],
    "comment": "multiple",
    "green_screen": "Yes",
    "master_imu": {
        "ax": 6.361050605773926,
        "ay": 0.2157655954360962,
        "az": -7.359472274780273,
        "gx": -0.0019926922395825386,
        "gy": -0.0027166642248630524,
        "gz": 0.010295704007148743
    },
    "sequence": 463,
    "subcategory": "Grapes Blue",
    "subordinate_imu": {
        "ax": 6.436941146850586,
        "ay": 0.14332008361816406,
        "az": -7.537807941436768,
        "gx": 0.0001333488617092371,
        "gy": 0.0016806088387966156,
        "gz": -0.008206059224903584
    }
}
