{
    "category": "Fruit",
    "challenge": [
        "real",
        "rotten",
        "fake"
    ],
    "comment": "multiple",
    "green_screen": "Yes",
    "master_imu": {
        "ax": 6.380271911621094,
        "ay": 0.22997570037841797,
        "az": -7.345146656036377,
        "gx": 0.001059836708009243,
        "gy": 0.003472462296485901,
        "gz": 0.011448252946138382
    },
    "sequence": 464,
    "subcategory": "Grapes Blue",
    "subordinate_imu": {
        "ax": 6.365264415740967,
        "ay": 0.13383907079696655,
        "az": -7.51876974105835,
        "gx": 0.00014363322407007217,
        "gy": 0.005375510081648827,
        "gz": -0.010023853741586208
    }
}
