{
    "category": "Fruit",
    "challenge": [
        "real",
        "good",
        "rotten",
        "fake"
    ],
    "comment": "multiple",
    "green_screen": "Yes",
    "master_imu": {
        "ax": 6.380434513092041,
        "ay": 0.19203710556030273,
        "az": -7.38352108001709,
        "gx": -0.001344776712357998,
        "gy": 0.0022445619106292725,
        "gz": 0.007846025750041008
    },
    "sequence": 465,
    "subcategory": "Grapes Blue",
    "subordinate_imu": {
        "ax": 6.39394474029541,
        "ay": 0.11477402597665787,
        "az": -7.533061981201172,
        "gx": 0.0007521826773881912,
        "gy": 0.0029406435787677765,
        "gz": -0.0008808746933937073
    }
}
