{
    "category": "Fruit",
    "challenge": [
        "real",
        "rotten",
        "good",
        "fake",
        "mirror"
    ],
    "comment": "bowl",
    "green_screen": "Yes",
    "master_imu": {
        "ax": 1.3650697469711304,
        "ay": -0.1035553365945816,
        "az": -9.624677658081055,
        "gx": -0.003789554350078106,
        "gy": -0.0008610039949417114,
        "gz": 0.008485468104481697
    },
    "sequence": 300,
    "subcategory": "Lemon",
    "subordinate_imu": {
        "ax": 1.5019757747650146,
        "ay": -0.1997005045413971,
        "az": -9.742587089538574,
        "gx": 0.0025775483809411526,
        "gy": 0.0017065424472093582,
        "gz": -0.00271394569426775
    }
}
