{
    "category": "Fruit",
    "challenge": [
        "real",
        "good",
        "rotten",
        "fake"
    ],
    "comment": "multiple",
    "green_screen": "Yes",
    "master_imu": {
        "ax": 6.3850250244140625,
        "ay": 0.19681409001350403,
        "az": -7.316420555114746,
        "gx": 0.0022638021036982536,
        "gy": -0.00022384896874427795,
        "gz": 0.010250704362988472
    },
    "sequence": 466,
    "subcategory": "Grapes Blue",
    "subordinate_imu": {
        "ax": 6.3843770027160645,
        "ay": 0.1338326334953308,
        "az": -7.518776893615723,
        "gx": 0.0031875772401690483,
        "gy": 0.0023150816559791565,
        "gz": -0.005761752836406231
    }
}
