{
    "category": "Fruit",
    "challenge": [
        "real",
        "good",
        "rotten",
        "fake"
    ],
    "comment": "multiple",
    "green_screen": "Yes",
    "master_imu": {
        "ax": 6.404554843902588,
        "ay": 0.17305868864059448,
        "az": -7.3836140632629395,
        "gx": -0.004991932772099972,
        "gy": 0.00037277862429618835,
        "gz": 0.007883138954639435
    },
    "sequence": 467,
    "subcategory": "Grapes Blue",
    "subordinate_imu": {
        "ax": 6.422614097595215,
        "ay": 0.14330847561359406,
        "az": -7.556823253631592,
        "gx": 0.0038011432625353336,
        "gy": 0.003548610955476761,
        "gz": -0.006367280147969723
    }
}
