{
    "category": "Fruit",
    "challenge": [
        "real",
        "good",
        "fake"
    ],
    "comment": "multiple",
    "green_screen": "Yes",
    "master_imu": {
        "ax": 6.370878219604492,
        "ay": 0.1872912496328354,
        "az": -7.407461166381836,
        "gx": -0.001980794593691826,
        "gy": -0.0020918846130371094,
        "gz": 0.009083312004804611
    },
    "sequence": 468,
    "subcategory": "Grapes Blue",
    "subordinate_imu": {
        "ax": 6.403480529785156,
        "ay": 0.13384674489498138,
        "az": -7.495008945465088,
        "gx": -0.0004617520608007908,
        "gy": 0.00600472092628479,
        "gz": -0.005751815624535084
    }
}
