{
    "category": "Fruit",
    "challenge": [
        "real",
        "good",
        "fake"
    ],
    "comment": "multiple",
    "green_screen": "Yes",
    "master_imu": {
        "ax": 6.389997959136963,
        "ay": 0.2252129763364792,
        "az": -7.369152069091797,
        "gx": -0.001974881626665592,
        "gy": -0.0008556284010410309,
        "gz": 0.009076508693397045
    },
    "sequence": 469,
    "subcategory": "Grapes Blue",
    "subordinate_imu": {
        "ax": 6.40350866317749,
        "ay": 0.11951106041669846,
        "az": -7.5568366050720215,
        "gx": 0.0013674469664692879,
        "gy": 0.006004292517900467,
        "gz": -0.0075807636603713036
    }
}
