{
    "category": "Fruit",
    "challenge": [
        "real",
        "good",
        "fake"
    ],
    "comment": "multiple",
    "green_screen": "Yes",
    "master_imu": {
        "ax": 6.365793704986572,
        "ay": 0.21103699505329132,
        "az": -7.335522174835205,
        "gx": -0.00196002796292305,
        "gy": 0.0003872811794281006,
        "gz": 0.007860715501010418
    },
    "sequence": 470,
    "subcategory": "Grapes Blue",
    "subordinate_imu": {
        "ax": 6.417811870574951,
        "ay": 0.17190754413604736,
        "az": -7.51875638961792,
        "gx": 0.0007396535947918892,
        "gy": 0.000448836013674736,
        "gz": -0.008209777064621449
    }
}
