{
    "category": "Fruit",
    "challenge": [
        "fake"
    ],
    "comment": "multiple",
    "green_screen": "Yes",
    "master_imu": {
        "ax": 6.375609397888184,
        "ay": 0.19678065180778503,
        "az": -7.383502006530762,
        "gx": -0.0037687867879867554,
        "gy": 0.001618165522813797,
        "gz": 0.0072628711350262165
    },
    "sequence": 471,
    "subcategory": "Grapes Blue, Grapes Green",
    "subordinate_imu": {
        "ax": 6.39870548248291,
        "ay": 0.15762755274772644,
        "az": -7.52351713180542,
        "gx": 0.0025681513361632824,
        "gy": -0.0001623108983039856,
        "gz": -0.0082106227055192
    }
}
