{
    "category": "Fruit",
    "challenge": [
        "fake"
    ],
    "comment": "multiple",
    "green_screen": "Yes",
    "master_imu": {
        "ax": 6.414066791534424,
        "ay": 0.19202852249145508,
        "az": -7.350078582763672,
        "gx": -0.00015725288540124893,
        "gy": -0.00023212656378746033,
        "gz": 0.009664148092269897
    },
    "sequence": 472,
    "subcategory": "Grapes Blue, Grapes Green",
    "subordinate_imu": {
        "ax": 6.355730056762695,
        "ay": 0.11951891332864761,
        "az": -7.566328525543213,
        "gx": -0.0004680166020989418,
        "gy": 0.004758816212415695,
        "gz": -0.009416266344487667
    }
}
