{
    "category": "Fruit",
    "challenge": [
        "fake"
    ],
    "comment": "multiple",
    "green_screen": "Yes",
    "master_imu": {
        "ax": 6.394811630249023,
        "ay": 0.19677874445915222,
        "az": -7.359597682952881,
        "gx": -0.0013418206945061684,
        "gy": 0.0028626956045627594,
        "gz": 0.007842623628675938
    },
    "sequence": 473,
    "subcategory": "Grapes Blue, Grapes Green",
    "subordinate_imu": {
        "ax": 6.365268707275391,
        "ay": 0.10053010284900665,
        "az": -7.499778747558594,
        "gx": 0.003184849862009287,
        "gy": 0.0016941670328378677,
        "gz": -0.006983923725783825
    }
}
