{
    "category": "Fruit",
    "challenge": [
        "rotten",
        "real"
    ],
    "comment": "multiple",
    "green_screen": "Yes",
    "master_imu": {
        "ax": 6.389934539794922,
        "ay": 0.18731625378131866,
        "az": -7.34041166305542,
        "gx": -0.007476803846657276,
        "gy": -0.006458185613155365,
        "gz": 0.011565466411411762
    },
    "sequence": 474,
    "subcategory": "Grapes Green",
    "subordinate_imu": {
        "ax": 6.38437032699585,
        "ay": 0.1433623880147934,
        "az": -7.50925874710083,
        "gx": 0.00014071969781070948,
        "gy": 0.003539271652698517,
        "gz": -0.005759655497968197
    }
}
