{
    "category": "Fruit",
    "challenge": [
        "rotten",
        "real"
    ],
    "comment": "multiple",
    "green_screen": "Yes",
    "master_imu": {
        "ax": 6.365920543670654,
        "ay": 0.15888936817646027,
        "az": -7.359523773193359,
        "gx": 0.0046788714826107025,
        "gy": 0.000395897775888443,
        "gz": 0.012042848393321037
    },
    "sequence": 475,
    "subcategory": "Grapes Green",
    "subordinate_imu": {
        "ax": 6.422626972198486,
        "ay": 0.10046565532684326,
        "az": -7.552104473114014,
        "gx": 0.0031803157180547714,
        "gy": -0.00015022046864032745,
        "gz": -0.005159945227205753
    }
}
