{
    "category": "Fruit",
    "challenge": [
        "real",
        "rotten",
        "good",
        "fake",
        "mirror"
    ],
    "comment": "bowl",
    "green_screen": "Yes",
    "master_imu": {
        "ax": 1.4084984064102173,
        "ay": -0.16994093358516693,
        "az": -9.620071411132812,
        "gx": -0.0025529246777296066,
        "gy": -0.0014533661305904388,
        "gz": 0.004852931015193462
    },
    "sequence": 301,
    "subcategory": "Lemon",
    "subordinate_imu": {
        "ax": 1.4924254417419434,
        "ay": -0.22825372219085693,
        "az": -9.733098030090332,
        "gx": 0.001973565435037017,
        "gy": 0.003557194024324417,
        "gz": -0.0020981114357709885
    }
}
