{
    "category": "Fruit",
    "challenge": [
        "rotten",
        "real"
    ],
    "comment": "multiple",
    "green_screen": "Yes",
    "master_imu": {
        "ax": 6.365822792053223,
        "ay": 0.17786166071891785,
        "az": -7.335542678833008,
        "gx": -0.00014384090900421143,
        "gy": -0.00022214651107788086,
        "gz": 0.007850663736462593
    },
    "sequence": 476,
    "subcategory": "Grapes Green",
    "subordinate_imu": {
        "ax": 6.422617435455322,
        "ay": 0.09097285568714142,
        "az": -7.518828392028809,
        "gx": 0.0001372914994135499,
        "gy": 0.002307640388607979,
        "gz": -0.005153725855052471
    }
}
