{
    "category": "Fruit",
    "challenge": [
        "rotten",
        "real"
    ],
    "comment": "multiple",
    "green_screen": "Yes",
    "master_imu": {
        "ax": 6.317663669586182,
        "ay": 0.19684921205043793,
        "az": -7.354544639587402,
        "gx": -0.004989048466086388,
        "gy": 0.002838641405105591,
        "gz": 0.00907852128148079
    },
    "sequence": 477,
    "subcategory": "Grapes Green",
    "subordinate_imu": {
        "ax": 6.393952369689941,
        "ay": 0.11951427161693573,
        "az": -7.556833267211914,
        "gx": 0.0037952838465571404,
        "gy": 0.002304745838046074,
        "gz": -0.009421673603355885
    }
}
