{
    "category": "Fruit",
    "challenge": [
        "rotten",
        "real"
    ],
    "comment": "multiple",
    "green_screen": "Yes",
    "master_imu": {
        "ax": 6.336881637573242,
        "ay": 0.17788995802402496,
        "az": -7.33065128326416,
        "gx": 0.0010643787682056427,
        "gy": 0.0016280636191368103,
        "gz": 0.00964497309178114
    },
    "sequence": 478,
    "subcategory": "Grapes Green",
    "subordinate_imu": {
        "ax": 6.441716194152832,
        "ay": 0.1575966775417328,
        "az": -7.542552947998047,
        "gx": 0.001362507464364171,
        "gy": 0.004157863557338715,
        "gz": -0.006366840563714504
    }
}
