{
    "category": "Fruit",
    "challenge": [
        "rotten",
        "real"
    ],
    "comment": "multiple",
    "green_screen": "Yes",
    "master_imu": {
        "ax": 6.385138034820557,
        "ay": 0.21574750542640686,
        "az": -7.35476016998291,
        "gx": 0.004646278917789459,
        "gy": -0.0045557767152786255,
        "gz": 0.013279052451252937
    },
    "sequence": 479,
    "subcategory": "Grapes Green",
    "subordinate_imu": {
        "ax": 6.408261299133301,
        "ay": 0.1481110155582428,
        "az": -7.5140180587768555,
        "gx": -0.0004651800263673067,
        "gy": 0.004773087799549103,
        "gz": -0.005145885981619358
    }
}
