{
    "category": "Fruit",
    "challenge": [
        "rotten",
        "real"
    ],
    "comment": "multiple",
    "green_screen": "Yes",
    "master_imu": {
        "ax": 6.3852386474609375,
        "ay": 0.21099022030830383,
        "az": -7.383525371551514,
        "gx": 0.0016232412308454514,
        "gy": -0.002715896815061569,
        "gz": 0.013291269540786743
    },
    "sequence": 480,
    "subcategory": "Grapes Blue, Grapes Green",
    "subordinate_imu": {
        "ax": 6.417832851409912,
        "ay": 0.1147742047905922,
        "az": -7.523561477661133,
        "gx": 0.001975372666493058,
        "gy": 0.004780670627951622,
        "gz": -0.005144263617694378
    }
}
