{
    "category": "Fruit",
    "challenge": [
        "rotten",
        "real"
    ],
    "comment": "multiple",
    "green_screen": "Yes",
    "master_imu": {
        "ax": 6.409375190734863,
        "ay": 0.17305445671081543,
        "az": -7.383630275726318,
        "gx": -0.00439889170229435,
        "gy": -0.0014820247888565063,
        "gz": 0.008493354544043541
    },
    "sequence": 481,
    "subcategory": "Grapes Blue, Grapes Green",
    "subordinate_imu": {
        "ax": 6.389172077178955,
        "ay": 0.10524999350309372,
        "az": -7.53782320022583,
        "gx": -0.000459024915471673,
        "gy": 0.006625637412071228,
        "gz": -0.004529645666480064
    }
}
