{
    "category": "Fruit",
    "challenge": [
        "rotten",
        "real"
    ],
    "comment": "multiple",
    "green_screen": "Yes",
    "master_imu": {
        "ax": 6.375493049621582,
        "ay": 0.16363222897052765,
        "az": -7.3403778076171875,
        "gx": 0.0022638021036982536,
        "gy": -0.00022384896874427795,
        "gz": 0.010250704362988472
    },
    "sequence": 482,
    "subcategory": "Grapes Blue, Grapes Green",
    "subordinate_imu": {
        "ax": 6.408262729644775,
        "ay": 0.13383692502975464,
        "az": -7.504520416259766,
        "gx": 0.0013611053582280874,
        "gy": 0.002936422824859619,
        "gz": -0.002710633911192417
    }
}
