{
    "category": "Fruit",
    "challenge": [
        "real",
        "fake",
        "good"
    ],
    "comment": "multiple",
    "green_screen": "Yes",
    "master_imu": {
        "ax": 6.404453277587891,
        "ay": 0.1967703104019165,
        "az": -7.359630107879639,
        "gx": -0.00015126820653676987,
        "gy": -0.0008436031639575958,
        "gz": 0.008458560332655907
    },
    "sequence": 483,
    "subcategory": "Grapes Blue, Grapes Green",
    "subordinate_imu": {
        "ax": 6.39392614364624,
        "ay": 0.13384585082530975,
        "az": -7.499760627746582,
        "gx": 0.00014031445607542992,
        "gy": 0.003537233918905258,
        "gz": -0.006369710899889469
    }
}
