{
    "category": "Fruit",
    "challenge": [
        "real",
        "fake",
        "good"
    ],
    "comment": "multiple",
    "green_screen": "Yes",
    "master_imu": {
        "ax": 6.409326076507568,
        "ay": 0.19201777875423431,
        "az": -7.3740315437316895,
        "gx": -0.00437516812235117,
        "gy": 0.0016152672469615936,
        "gz": 0.007267355918884277
    },
    "sequence": 484,
    "subcategory": "Grapes Blue, Grapes Green",
    "subordinate_imu": {
        "ax": 6.374824047088623,
        "ay": 0.12907098233699799,
        "az": -7.523532867431641,
        "gx": 0.00258138170465827,
        "gy": 0.0029402151703834534,
        "gz": -0.0027098236605525017
    }
}
