{
    "category": "Fruit",
    "challenge": [
        "real",
        "fake",
        "good"
    ],
    "comment": "multiple",
    "green_screen": "Yes",
    "master_imu": {
        "ax": 6.404643535614014,
        "ay": 0.18251940608024597,
        "az": -7.41237211227417,
        "gx": -0.0007709888741374016,
        "gy": -0.002704210579395294,
        "gz": 0.00907774455845356
    },
    "sequence": 485,
    "subcategory": "Grapes Blue, Grapes Green",
    "subordinate_imu": {
        "ax": 6.408290386199951,
        "ay": 0.10998791456222534,
        "az": -7.556846618652344,
        "gx": 0.0007535847835242748,
        "gy": 0.004162084311246872,
        "gz": -0.00453708041459322
    }
}
