{
    "category": "Fruit",
    "challenge": [
        "real",
        "rotten"
    ],
    "comment": "",
    "green_screen": "Yes",
    "master_imu": {
        "ax": 1.369918942451477,
        "ay": -0.11778052151203156,
        "az": -9.629496574401855,
        "gx": 0.004662645980715752,
        "gy": -0.003927670419216156,
        "gz": 0.011462165974080563
    },
    "sequence": 283,
    "subcategory": "Lemon",
    "subordinate_imu": {
        "ax": 1.4255321025848389,
        "ay": -0.22823530435562134,
        "az": -9.737828254699707,
        "gx": -0.0010757232084870338,
        "gy": 0.004769152030348778,
        "gz": -0.005756343714892864
    }
}
