{
    "category": "Fruit",
    "challenge": [
        "real",
        "rotten",
        "good",
        "fake",
        "mirror"
    ],
    "comment": "bowl",
    "green_screen": "Yes",
    "master_imu": {
        "ax": 1.398831844329834,
        "ay": -0.14149652421474457,
        "az": -9.620020866394043,
        "gx": 0.002879195846617222,
        "gy": -0.0020620301365852356,
        "gz": 0.007838444784283638
    },
    "sequence": 302,
    "subcategory": "Lemon",
    "subordinate_imu": {
        "ax": 1.3968477249145508,
        "ay": -0.20916205644607544,
        "az": -9.71402645111084,
        "gx": 0.0013576771598309278,
        "gy": 0.0017047896981239319,
        "gz": -0.0021047014743089676
    }
}
