{
    "category": "Fruit",
    "challenge": [
        "real",
        "good"
    ],
    "comment": "",
    "green_screen": "Yes",
    "master_imu": {
        "ax": 6.41900110244751,
        "ay": 0.17304901778697968,
        "az": -7.378870010375977,
        "gx": -0.0025619380176067352,
        "gy": 0.00038770586252212524,
        "gz": 0.007260705344378948
    },
    "sequence": 486,
    "subcategory": "Apple",
    "subordinate_imu": {
        "ax": 6.393904685974121,
        "ay": 0.17670920491218567,
        "az": -7.480703830718994,
        "gx": 0.0013598896330222487,
        "gy": 0.002930307760834694,
        "gz": -0.004540798254311085
    }
}
