{
    "category": "Fruit",
    "challenge": [
        "real",
        "good"
    ],
    "comment": "",
    "green_screen": "Yes",
    "master_imu": {
        "ax": 6.332134246826172,
        "ay": 0.18735788762569427,
        "az": -7.3545989990234375,
        "gx": 0.00043283216655254364,
        "gy": -0.002705063670873642,
        "gz": 0.0102777648717165
    },
    "sequence": 487,
    "subcategory": "Apple",
    "subordinate_imu": {
        "ax": 6.35092830657959,
        "ay": 0.16238796710968018,
        "az": -7.542514801025391,
        "gx": -0.00045740394853055477,
        "gy": 0.006633792072534561,
        "gz": -0.0020894259214401245
    }
}
