{
    "category": "Fruit",
    "challenge": [
        "real",
        "good"
    ],
    "comment": "",
    "green_screen": "Yes",
    "master_imu": {
        "ax": 6.414196968078613,
        "ay": 0.15409590303897858,
        "az": -7.3788652420043945,
        "gx": -0.0013714563101530075,
        "gy": -0.001470852643251419,
        "gz": 0.009075425565242767
    },
    "sequence": 488,
    "subcategory": "Apple",
    "subordinate_imu": {
        "ax": 6.427374362945557,
        "ay": 0.13859125971794128,
        "az": -7.504523277282715,
        "gx": 0.003187171882018447,
        "gy": 0.002313043922185898,
        "gz": -0.006371808238327503
    }
}
