{
    "category": "Fruit",
    "challenge": [
        "real",
        "good"
    ],
    "comment": "",
    "green_screen": "Yes",
    "master_imu": {
        "ax": 6.380422115325928,
        "ay": 0.20625510811805725,
        "az": -7.383512020111084,
        "gx": -0.0025753499940037727,
        "gy": 0.0003777258098125458,
        "gz": 0.009074189700186253
    },
    "sequence": 489,
    "subcategory": "Apple",
    "subordinate_imu": {
        "ax": 6.336618423461914,
        "ay": 0.11000791192054749,
        "az": -7.561574459075928,
        "gx": 0.0007539900252595544,
        "gy": 0.004164122045040131,
        "gz": -0.003927025943994522
    }
}
