{
    "category": "Fruit",
    "challenge": [
        "real",
        "good"
    ],
    "comment": "",
    "green_screen": "Yes",
    "master_imu": {
        "ax": 6.370639324188232,
        "ay": 0.20155112445354462,
        "az": -7.340337753295898,
        "gx": -0.00014391262084245682,
        "gy": 0.0016255863010883331,
        "gz": 0.009049447253346443
    },
    "sequence": 490,
    "subcategory": "Apple",
    "subordinate_imu": {
        "ax": 6.384369373321533,
        "ay": 0.16239315271377563,
        "az": -7.523508071899414,
        "gx": 0.001362211536616087,
        "gy": 0.0035491809248924255,
        "gz": -0.003928681835532188
    }
}
