{
    "category": "Fruit",
    "challenge": [
        "real",
        "good"
    ],
    "comment": "",
    "green_screen": "Yes",
    "master_imu": {
        "ax": 6.385085582733154,
        "ay": 0.201541468501091,
        "az": -7.335593223571777,
        "gx": 0.0004401877522468567,
        "gy": -0.00023587793111801147,
        "gz": 0.01086865272372961
    },
    "sequence": 491,
    "subcategory": "Apple",
    "subordinate_imu": {
        "ax": 6.370059490203857,
        "ay": 0.1290397346019745,
        "az": -7.561570644378662,
        "gx": 0.005032218061387539,
        "gy": 0.006642699241638184,
        "gz": -0.00452599860727787
    }
}
