{
    "category": "Fruit",
    "challenge": [
        "real",
        "good",
        "fake"
    ],
    "comment": "multiple",
    "green_screen": "Yes",
    "master_imu": {
        "ax": 6.370756149291992,
        "ay": 0.19679085910320282,
        "az": -7.373898506164551,
        "gx": -0.0001305006444454193,
        "gy": 0.0016355663537979126,
        "gz": 0.007235962897539139
    },
    "sequence": 492,
    "subcategory": "Apple",
    "subordinate_imu": {
        "ax": 6.40825891494751,
        "ay": 0.13384513556957245,
        "az": -7.495010852813721,
        "gx": -0.0004707435145974159,
        "gy": 0.004137905314564705,
        "gz": -0.010638437233865261
    }
}
