{
    "category": "Fruit",
    "challenge": [
        "real",
        "good",
        "fake"
    ],
    "comment": "multiple",
    "green_screen": "Yes",
    "master_imu": {
        "ax": 6.404404640197754,
        "ay": 0.1967792809009552,
        "az": -7.345248699188232,
        "gx": -0.003196513280272484,
        "gy": -0.0027158111333847046,
        "gz": 0.009095683693885803
    },
    "sequence": 493,
    "subcategory": "Apple",
    "subordinate_imu": {
        "ax": 6.365277290344238,
        "ay": 0.10526623576879501,
        "az": -7.528304576873779,
        "gx": 0.0044039105996489525,
        "gy": 0.0016918424516916275,
        "gz": -0.008813275955617428
    }
}
