{
    "category": "Fruit",
    "challenge": [
        "real",
        "good",
        "fake"
    ],
    "comment": "multiple",
    "green_screen": "Yes",
    "master_imu": {
        "ax": 6.38986873626709,
        "ay": 0.2252369076013565,
        "az": -7.330800533294678,
        "gx": -0.0025768643245100975,
        "gy": 0.0009925290942192078,
        "gz": 0.009675282984972
    },
    "sequence": 494,
    "subcategory": "Apple",
    "subordinate_imu": {
        "ax": 6.398698806762695,
        "ay": 0.1719139665365219,
        "az": -7.518749237060547,
        "gx": 0.0013640188844874501,
        "gy": 0.00477265752851963,
        "gz": -0.006974832154810429
    }
}
