{
    "category": "Fruit",
    "challenge": [
        "real",
        "good"
    ],
    "comment": "multiple",
    "green_screen": "Yes",
    "master_imu": {
        "ax": 6.380463600158691,
        "ay": 0.15886175632476807,
        "az": -7.383541584014893,
        "gx": -0.003202570602297783,
        "gy": -0.00025660544633865356,
        "gz": 0.011500055901706219
    },
    "sequence": 495,
    "subcategory": "Apple Green",
    "subordinate_imu": {
        "ax": 6.36525821685791,
        "ay": 0.16239547729492188,
        "az": -7.528255462646484,
        "gx": -0.0004567031282931566,
        "gy": 0.00724450871348381,
        "gz": -0.003917530179023743
    }
}
