{
    "category": "Fruit",
    "challenge": [
        "real",
        "rotten",
        "good",
        "fake",
        "mirror"
    ],
    "comment": "bowl",
    "green_screen": "Yes",
    "master_imu": {
        "ax": 1.4228712320327759,
        "ay": -0.1415056735277176,
        "az": -9.600926399230957,
        "gx": -0.00318901427090168,
        "gy": -0.003942087292671204,
        "gz": 0.007289002649486065
    },
    "sequence": 303,
    "subcategory": "Lemon",
    "subordinate_imu": {
        "ax": 1.4446455240249634,
        "ay": -0.21397176384925842,
        "az": -9.752087593078613,
        "gx": 0.0013633178314194083,
        "gy": 0.004161940887570381,
        "gz": -0.005146731622517109
    }
}
