{
    "category": "Fruit",
    "challenge": [
        "real",
        "good"
    ],
    "comment": "multiple",
    "green_screen": "Yes",
    "master_imu": {
        "ax": 6.39005184173584,
        "ay": 0.16360163688659668,
        "az": -7.369190216064453,
        "gx": -0.0007858434692025185,
        "gy": -0.003947120159864426,
        "gz": 0.010293537750840187
    },
    "sequence": 496,
    "subcategory": "Apple Green",
    "subordinate_imu": {
        "ax": 6.422602653503418,
        "ay": 0.12906311452388763,
        "az": -7.514039993286133,
        "gx": 0.00197002780623734,
        "gy": 0.002932203933596611,
        "gz": -0.004540393128991127
    }
}
