{
    "category": "Fruit",
    "challenge": [
        "real",
        "good"
    ],
    "comment": "multiple",
    "green_screen": "Yes",
    "master_imu": {
        "ax": 6.385222434997559,
        "ay": 0.2109932154417038,
        "az": -7.378732204437256,
        "gx": -0.00319060031324625,
        "gy": -0.0014795511960983276,
        "gz": 0.009088879451155663
    },
    "sequence": 497,
    "subcategory": "Apple Green",
    "subordinate_imu": {
        "ax": 6.38916015625,
        "ay": 0.12906205654144287,
        "az": -7.528293132781982,
        "gx": 0.0013776542618870735,
        "gy": 0.007877225056290627,
        "gz": -0.0008639786392450333
    }
}
