{
    "category": "Fruit",
    "challenge": [
        "real",
        "good"
    ],
    "comment": "multiple",
    "green_screen": "Yes",
    "master_imu": {
        "ax": 6.404510021209717,
        "ay": 0.16832831501960754,
        "az": -7.369236469268799,
        "gx": -0.0032144691795110703,
        "gy": -0.000881388783454895,
        "gz": 0.012712446972727776
    },
    "sequence": 498,
    "subcategory": "Apple Green",
    "subordinate_imu": {
        "ax": 6.393946170806885,
        "ay": 0.14807066321372986,
        "az": -7.566318035125732,
        "gx": 0.0031960541382431984,
        "gy": 0.004786502569913864,
        "gz": -0.00453339796513319
    }
}
