{
    "category": "Fruit",
    "challenge": [
        "real",
        "good"
    ],
    "comment": "multiple",
    "green_screen": "Yes",
    "master_imu": {
        "ax": 6.385231018066406,
        "ay": 0.20151454210281372,
        "az": -7.3787384033203125,
        "gx": -0.006222506519407034,
        "gy": -0.0014940537512302399,
        "gz": 0.009111303836107254
    },
    "sequence": 499,
    "subcategory": "Apple Green",
    "subordinate_imu": {
        "ax": 6.346145153045654,
        "ay": 0.15288856625556946,
        "az": -7.518746376037598,
        "gx": -0.0004747633356601,
        "gy": 0.0016889087855815887,
        "gz": -0.005156191997230053
    }
}
