{
    "category": "Fruit",
    "challenge": [
        "real",
        "good"
    ],
    "comment": "multiple",
    "green_screen": "Yes",
    "master_imu": {
        "ax": 6.423696041107178,
        "ay": 0.20623809099197388,
        "az": -7.350101947784424,
        "gx": 0.0004447298124432564,
        "gy": -0.002080284059047699,
        "gz": 0.009065373800694942
    },
    "sequence": 500,
    "subcategory": "Apple Green",
    "subordinate_imu": {
        "ax": 6.379602432250977,
        "ay": 0.13382603228092194,
        "az": -7.528285503387451,
        "gx": 0.001355946995317936,
        "gy": 0.00230327807366848,
        "gz": -0.007593133486807346
    }
}
