{
    "category": "Fruit",
    "challenge": [
        "real",
        "good"
    ],
    "comment": "",
    "green_screen": "Yes",
    "master_imu": {
        "ax": 6.390024185180664,
        "ay": 0.15886828303337097,
        "az": -7.359605312347412,
        "gx": -0.008700164966285229,
        "gy": -0.0021603815257549286,
        "gz": 0.015782088041305542
    },
    "sequence": 501,
    "subcategory": "Apple Green",
    "subordinate_imu": {
        "ax": 6.393941402435303,
        "ay": 0.10051225125789642,
        "az": -7.509299278259277,
        "gx": 0.00258510559797287,
        "gy": 0.004780527204275131,
        "gz": -0.005753912962973118
    }
}
