{
    "category": "Fruit",
    "challenge": [
        "real",
        "good"
    ],
    "comment": "",
    "green_screen": "Yes",
    "master_imu": {
        "ax": 6.365806579589844,
        "ay": 0.1778646558523178,
        "az": -7.330748558044434,
        "gx": -0.0025783060118556023,
        "gy": -0.00024040043354034424,
        "gz": 0.009077591821551323
    },
    "sequence": 502,
    "subcategory": "Apple Green",
    "subordinate_imu": {
        "ax": 6.432154178619385,
        "ay": 0.13382887840270996,
        "az": -7.504528999328613,
        "gx": 0.0019641683902591467,
        "gy": 0.0016883369535207748,
        "gz": -0.007594789378345013
    }
}
