{
    "category": "Fruit",
    "challenge": [
        "real",
        "good"
    ],
    "comment": "",
    "green_screen": "Yes",
    "master_imu": {
        "ax": 6.380288600921631,
        "ay": 0.211018368601799,
        "az": -7.345158576965332,
        "gx": 0.0004565557464957237,
        "gy": 0.000392228364944458,
        "gz": 0.009051766246557236
    },
    "sequence": 503,
    "subcategory": "Apple Green",
    "subordinate_imu": {
        "ax": 6.389168739318848,
        "ay": 0.11952819675207138,
        "az": -7.542566299438477,
        "gx": -0.0029073532205075026,
        "gy": 0.004757348448038101,
        "gz": -0.00758772436529398
    }
}
