{
    "category": "Fruit",
    "challenge": [
        "real",
        "good"
    ],
    "comment": "",
    "green_screen": "Yes",
    "master_imu": {
        "ax": 6.36107063293457,
        "ay": 0.2110232710838318,
        "az": -7.364269256591797,
        "gx": -0.002603543922305107,
        "gy": -0.0027228929102420807,
        "gz": 0.010904683731496334
    },
    "sequence": 504,
    "subcategory": "Apple Green",
    "subordinate_imu": {
        "ax": 6.331836223602295,
        "ay": 0.08623440563678741,
        "az": -7.528308868408203,
        "gx": 0.005633474327623844,
        "gy": 0.004171134904026985,
        "gz": -0.006364001892507076
    }
}
