{
    "category": "Fruit",
    "challenge": [
        "real",
        "good"
    ],
    "comment": "",
    "green_screen": "Yes",
    "master_imu": {
        "ax": 6.385134220123291,
        "ay": 0.2015324831008911,
        "az": -7.349975109100342,
        "gx": -0.0038268333300948143,
        "gy": -0.00027281418442726135,
        "gz": 0.013922520913183689
    },
    "sequence": 505,
    "subcategory": "Apple Green",
    "subordinate_imu": {
        "ax": 6.39394474029541,
        "ay": 0.11001736670732498,
        "az": -7.528311252593994,
        "gx": 0.00014020514208823442,
        "gy": 0.004143876954913139,
        "gz": -0.009417922236025333
    }
}
