{
    "category": "Fruit",
    "challenge": [
        "real",
        "rotten",
        "good",
        "fake",
        "mirror"
    ],
    "comment": "bowl",
    "green_screen": "Yes",
    "master_imu": {
        "ax": 1.4133658409118652,
        "ay": -0.0941367894411087,
        "az": -9.653596878051758,
        "gx": -0.0013996511697769165,
        "gy": -0.004571475088596344,
        "gz": 0.010905919596552849
    },
    "sequence": 304,
    "subcategory": "Lemon",
    "subordinate_imu": {
        "ax": 1.4541890621185303,
        "ay": -0.2282162308692932,
        "az": -9.704553604125977,
        "gx": 0.00197002780623734,
        "gy": 0.002932203933596611,
        "gz": -0.004540393128991127
    }
}
