{
    "category": "Fruit",
    "challenge": [
        "real",
        "good"
    ],
    "comment": "",
    "green_screen": "Yes",
    "master_imu": {
        "ax": 6.351343631744385,
        "ay": 0.19683164358139038,
        "az": -7.335482120513916,
        "gx": -0.0025857342407107353,
        "gy": -0.0008618570864200592,
        "gz": 0.009685488417744637
    },
    "sequence": 506,
    "subcategory": "Apple Green",
    "subordinate_imu": {
        "ax": 6.398717880249023,
        "ay": 0.10527141392230988,
        "az": -7.509296894073486,
        "gx": 0.0019866861402988434,
        "gy": 0.007266363129019737,
        "gz": 0.00035447441041469574
    }
}
