{
    "category": "Fruit",
    "challenge": [
        "rotten",
        "real"
    ],
    "comment": "",
    "green_screen": "Yes",
    "master_imu": {
        "ax": 6.35622501373291,
        "ay": 0.1826004534959793,
        "az": -7.349889278411865,
        "gx": -0.00015718117356300354,
        "gy": -0.0020798593759536743,
        "gz": 0.008465363644063473
    },
    "sequence": 507,
    "subcategory": "Apple Green",
    "subordinate_imu": {
        "ax": 6.413060188293457,
        "ay": 0.13379015028476715,
        "az": -7.556828022003174,
        "gx": 0.0001486050896346569,
        "gy": 0.004793331027030945,
        "gz": 0.0003450131043791771
    }
}
