{
    "category": "Fruit",
    "challenge": [
        "rotten",
        "real"
    ],
    "comment": "",
    "green_screen": "Yes",
    "master_imu": {
        "ax": 6.404421329498291,
        "ay": 0.17782193422317505,
        "az": -7.3452606201171875,
        "gx": -0.0013804705813527107,
        "gy": 0.000370219349861145,
        "gz": 0.011483199894428253
    },
    "sequence": 508,
    "subcategory": "Apple Green",
    "subordinate_imu": {
        "ax": 6.374819278717041,
        "ay": 0.14335328340530396,
        "az": -7.5235209465026855,
        "gx": -0.00046528945676982403,
        "gy": 0.005379730835556984,
        "gz": -0.008194097317755222
    }
}
