{
    "category": "Fruit",
    "challenge": [
        "rotten",
        "real"
    ],
    "comment": "",
    "green_screen": "Yes",
    "master_imu": {
        "ax": 6.380390644073486,
        "ay": 0.1683523952960968,
        "az": -7.364360809326172,
        "gx": -0.0038058506324887276,
        "gy": -0.0033368393778800964,
        "gz": 0.009103570133447647
    },
    "sequence": 509,
    "subcategory": "Apple Green",
    "subordinate_imu": {
        "ax": 6.360488414764404,
        "ay": 0.11956247687339783,
        "az": -7.5140252113342285,
        "gx": -0.00046709668822586536,
        "gy": 0.004156254231929779,
        "gz": -0.0051479460671544075
    }
}
