{
    "category": "Fruit",
    "challenge": [
        "rotten",
        "real"
    ],
    "comment": "multiple",
    "green_screen": "Yes",
    "master_imu": {
        "ax": 6.404416561126709,
        "ay": 0.22046996653079987,
        "az": -7.354822158813477,
        "gx": -0.0007665911689400673,
        "gy": -0.0008531548082828522,
        "gz": 0.009672034531831741
    },
    "sequence": 510,
    "subcategory": "Apple Green",
    "subordinate_imu": {
        "ax": 6.360489368438721,
        "ay": 0.14334578812122345,
        "az": -7.537779331207275,
        "gx": 0.0013587833382189274,
        "gy": 0.0023175496608018875,
        "gz": -0.0033227503299713135
    }
}
