{
    "category": "Fruit",
    "challenge": [
        "rotten",
        "real"
    ],
    "comment": "multiple",
    "green_screen": "Yes",
    "master_imu": {
        "ax": 6.385004997253418,
        "ay": 0.20155641436576843,
        "az": -7.311624050140381,
        "gx": 0.0034602684900164604,
        "gy": -0.0026938877999782562,
        "gz": 0.0108598368242383
    },
    "sequence": 511,
    "subcategory": "Apple Green",
    "subordinate_imu": {
        "ax": 6.389168739318848,
        "ay": 0.1147715300321579,
        "az": -7.537814617156982,
        "gx": -0.002295890124514699,
        "gy": 0.004158720374107361,
        "gz": -0.0027089426293969154
    }
}
