{
    "category": "Fruit",
    "challenge": [
        "rotten",
        "real"
    ],
    "comment": "multiple",
    "green_screen": "Yes",
    "master_imu": {
        "ax": 6.38054084777832,
        "ay": 0.14463180303573608,
        "az": -7.402726650238037,
        "gx": 0.0022623594850301743,
        "gy": -0.0014567747712135315,
        "gz": 0.009653013199567795
    },
    "sequence": 512,
    "subcategory": "Apple Green",
    "subordinate_imu": {
        "ax": 6.408260345458984,
        "ay": 0.17189843952655792,
        "az": -7.533018112182617,
        "gx": 0.0007462139474228024,
        "gy": 0.0023034196346998215,
        "gz": -0.006983482278883457
    }
}
