{
    "category": "Fruit",
    "challenge": [
        "rotten",
        "real"
    ],
    "comment": "multiple",
    "green_screen": "Yes",
    "master_imu": {
        "ax": 6.3707275390625,
        "ay": 0.2110118418931961,
        "az": -7.369095802307129,
        "gx": 0.00045958347618579865,
        "gy": -0.0008373744785785675,
        "gz": 0.007849580608308315
    },
    "sequence": 513,
    "subcategory": "Apple Green",
    "subordinate_imu": {
        "ax": 6.393937110900879,
        "ay": 0.1433345377445221,
        "az": -7.537791728973389,
        "gx": 0.0013655303046107292,
        "gy": 0.005387457087635994,
        "gz": -0.007582825608551502
    }
}
