{
    "category": "Fruit",
    "challenge": [
        "rotten",
        "real"
    ],
    "comment": "multiple",
    "green_screen": "Yes",
    "master_imu": {
        "ax": 6.322525501251221,
        "ay": 0.14945164322853088,
        "az": -7.35459041595459,
        "gx": -0.000762048177421093,
        "gy": -0.002697557210922241,
        "gz": 0.007868754677474499
    },
    "sequence": 514,
    "subcategory": "Apple Green",
    "subordinate_imu": {
        "ax": 6.417830944061279,
        "ay": 0.1147783100605011,
        "az": -7.518805980682373,
        "gx": 0.0031992958392947912,
        "gy": 0.00480281189084053,
        "gz": 0.0003470396623015404
    }
}
