{
    "category": "Fruit",
    "challenge": [
        "rotten",
        "real"
    ],
    "comment": "multiple",
    "green_screen": "Yes",
    "master_imu": {
        "ax": 6.404533863067627,
        "ay": 0.21570970118045807,
        "az": -7.3883819580078125,
        "gx": -0.002590276300907135,
        "gy": 0.0009825490415096283,
        "gz": 0.011488767340779305
    },
    "sequence": 515,
    "subcategory": "Apple Green",
    "subordinate_imu": {
        "ax": 6.398721218109131,
        "ay": 0.1528339385986328,
        "az": -7.56156063079834,
        "gx": 0.00014153006486594677,
        "gy": 0.0035433508455753326,
        "gz": -0.004539547488093376
    }
}
