{
    "category": "Fruit",
    "challenge": [
        "real",
        "good"
    ],
    "comment": "multiple",
    "green_screen": "Yes",
    "master_imu": {
        "ax": 1.3989359140396118,
        "ay": -0.09413011372089386,
        "az": -9.66313648223877,
        "gx": -0.003796837292611599,
        "gy": -0.0051779188215732574,
        "gz": 0.006695795804262161
    },
    "sequence": 305,
    "subcategory": "Mandarin",
    "subordinate_imu": {
        "ax": 1.4589635133743286,
        "ay": -0.18539553880691528,
        "az": -9.733048439025879,
        "gx": -0.0004893955774605274,
        "gy": -0.0026350561529397964,
        "gz": -0.0070007843896746635
    }
}
