{
    "category": "Fruit",
    "challenge": [
        "rotten",
        "real",
        "good"
    ],
    "comment": "multiple",
    "green_screen": "Yes",
    "master_imu": {
        "ax": 6.414244174957275,
        "ay": 0.21094997227191925,
        "az": -7.4075927734375,
        "gx": -0.0013610729947686195,
        "gy": -0.00023127347230911255,
        "gz": 0.008464127779006958
    },
    "sequence": 516,
    "subcategory": "Apple Green",
    "subordinate_imu": {
        "ax": 6.417816162109375,
        "ay": 0.13859859108924866,
        "az": -7.499765396118164,
        "gx": 0.0007520733634009957,
        "gy": 0.0035472847521305084,
        "gz": -0.003929087892174721
    }
}
