{
    "category": "Fruit",
    "challenge": [
        "rotten",
        "real",
        "good"
    ],
    "comment": "multiple",
    "green_screen": "Yes",
    "master_imu": {
        "ax": 6.370720386505127,
        "ay": 0.182581827044487,
        "az": -7.359525203704834,
        "gx": -0.007407074328511953,
        "gy": 0.0016007646918296814,
        "gz": 0.007289779372513294
    },
    "sequence": 517,
    "subcategory": "Apple Green",
    "subordinate_imu": {
        "ax": 6.403501987457275,
        "ay": 0.13379746675491333,
        "az": -7.552068710327148,
        "gx": 0.0019738611299544573,
        "gy": 0.004165876656770706,
        "gz": -0.004536270163953304
    }
}
