{
    "category": "Fruit",
    "challenge": [
        "rotten",
        "real",
        "good"
    ],
    "comment": "multiple",
    "green_screen": "Yes",
    "master_imu": {
        "ax": 6.375524520874023,
        "ay": 0.2204892933368683,
        "az": -7.364312171936035,
        "gx": -0.001955556683242321,
        "gy": 0.0003906078636646271,
        "gz": 0.007256220560520887
    },
    "sequence": 518,
    "subcategory": "Apple Green",
    "subordinate_imu": {
        "ax": 6.465629577636719,
        "ay": 0.1099686324596405,
        "az": -7.556868076324463,
        "gx": -0.001084200106561184,
        "gy": 0.0022977329790592194,
        "gz": -0.006984698586165905
    }
}
