{
    "category": "Fruit",
    "challenge": [
        "rotten",
        "real",
        "good",
        "fake"
    ],
    "comment": "multiple",
    "green_screen": "Yes",
    "master_imu": {
        "ax": 6.404408931732178,
        "ay": 0.19203993678092957,
        "az": -7.34525203704834,
        "gx": -0.005564135033637285,
        "gy": 0.002859029918909073,
        "gz": 0.004851541947573423
    },
    "sequence": 519,
    "subcategory": "Apple Green",
    "subordinate_imu": {
        "ax": 6.350937366485596,
        "ay": 0.11955337226390839,
        "az": -7.528286933898926,
        "gx": 0.0019719444680958986,
        "gy": 0.003549039363861084,
        "gz": -0.004538331180810928
    }
}
