{
    "category": "Fruit",
    "challenge": [
        "rotten",
        "real",
        "good",
        "fake"
    ],
    "comment": "multiple",
    "green_screen": "Yes",
    "master_imu": {
        "ax": 6.404636383056641,
        "ay": 0.15408937633037567,
        "az": -7.402801990509033,
        "gx": -0.000772504135966301,
        "gy": -0.0020894110202789307,
        "gz": 0.009678837843239307
    },
    "sequence": 520,
    "subcategory": "Apple Green",
    "subordinate_imu": {
        "ax": 6.370058536529541,
        "ay": 0.09098643064498901,
        "az": -7.523564338684082,
        "gx": -0.0010775304399430752,
        "gy": 0.003545675426721573,
        "gz": -0.002710193395614624
    }
}
