{
    "category": "Fruit",
    "challenge": [
        "rotten",
        "real",
        "good",
        "fake"
    ],
    "comment": "multiple",
    "green_screen": "Yes",
    "master_imu": {
        "ax": 6.380284786224365,
        "ay": 0.19680336117744446,
        "az": -7.340373516082764,
        "gx": -0.002003219909965992,
        "gy": -0.00026078522205352783,
        "gz": 0.013304570689797401
    },
    "sequence": 521,
    "subcategory": "Apple Green",
    "subordinate_imu": {
        "ax": 6.40828275680542,
        "ay": 0.09573434293270111,
        "az": -7.523574352264404,
        "gx": 0.0031878729350864887,
        "gy": 0.0029237624257802963,
        "gz": -0.008199910633265972
    }
}
