{
    "category": "Fruit",
    "challenge": [
        "rotten",
        "real",
        "good",
        "fake"
    ],
    "comment": "multiple",
    "green_screen": "Yes",
    "master_imu": {
        "ax": 6.370730876922607,
        "ay": 0.24418120086193085,
        "az": -7.378663063049316,
        "gx": -0.0001393696293234825,
        "gy": -0.00021881982684135437,
        "gz": 0.007246168330311775
    },
    "sequence": 522,
    "subcategory": "Apple Green",
    "subordinate_imu": {
        "ax": 6.398718357086182,
        "ay": 0.11954140663146973,
        "az": -7.523550033569336,
        "gx": 0.003193436423316598,
        "gy": 0.0035589467734098434,
        "gz": -0.0027073565870523453
    }
}
