{
    "category": "Fruit",
    "challenge": [
        "rotten",
        "real",
        "good",
        "fake"
    ],
    "comment": "multiple",
    "green_screen": "Yes",
    "master_imu": {
        "ax": 6.380232334136963,
        "ay": 0.1825973093509674,
        "az": -7.321207046508789,
        "gx": -0.0020195161923766136,
        "gy": -0.0027366243302822113,
        "gz": 0.013922673650085926
    },
    "sequence": 523,
    "subcategory": "Apple Green",
    "subordinate_imu": {
        "ax": 6.355724811553955,
        "ay": 0.1290445625782013,
        "az": -7.561565399169922,
        "gx": 0.0007562024984508753,
        "gy": 0.005389638245105743,
        "gz": -0.006363122723996639
    }
}
