{
    "category": "Fruit",
    "challenge": [
        "rotten",
        "real",
        "good",
        "fake"
    ],
    "comment": "multiple",
    "green_screen": "Yes",
    "master_imu": {
        "ax": 6.370571136474609,
        "ay": 0.18734806776046753,
        "az": -7.316377639770508,
        "gx": 0.001040726900100708,
        "gy": -0.0033169612288475037,
        "gz": 0.009672187268733978
    },
    "sequence": 524,
    "subcategory": "Apple Green",
    "subordinate_imu": {
        "ax": 6.384383678436279,
        "ay": 0.1290595531463623,
        "az": -7.533046245574951,
        "gx": 0.003197784535586834,
        "gy": 0.004188016057014465,
        "gz": 0.0009550321847200394
    }
}
