{
    "category": "Fruit",
    "challenge": [
        "rotten",
        "real",
        "good",
        "fake"
    ],
    "comment": "multiple",
    "green_screen": "Yes",
    "master_imu": {
        "ax": 6.35616397857666,
        "ay": 0.2157817780971527,
        "az": -7.340280532836914,
        "gx": -0.0013729715719819069,
        "gy": -0.000856056809425354,
        "gz": 0.009676518850028515
    },
    "sequence": 525,
    "subcategory": "Apple Green",
    "subordinate_imu": {
        "ax": 6.3939433097839355,
        "ay": 0.12904812395572662,
        "az": -7.542559623718262,
        "gx": -0.0004651800263673067,
        "gy": 0.004773087799549103,
        "gz": -0.005145885981619358
    }
}
