{
    "category": "Fruit",
    "challenge": [
        "real",
        "good"
    ],
    "comment": "multiple",
    "green_screen": "Yes",
    "master_imu": {
        "ax": 1.4375029802322388,
        "ay": -0.1320725530385971,
        "az": -9.653701782226562,
        "gx": 0.003493005409836769,
        "gy": -0.0014376677572727203,
        "gz": 0.007226063869893551
    },
    "sequence": 306,
    "subcategory": "Mandarin",
    "subordinate_imu": {
        "ax": 1.4733052253723145,
        "ay": -0.18541675806045532,
        "az": -9.752074241638184,
        "gx": 0.000141825876198709,
        "gy": 0.0041520316153764725,
        "gz": -0.006977704353630543
    }
}
