{
    "category": "Fruit",
    "challenge": [
        "rotten",
        "real",
        "good",
        "fake"
    ],
    "comment": "multiple",
    "green_screen": "Yes",
    "master_imu": {
        "ax": 6.36591911315918,
        "ay": 0.19679805636405945,
        "az": -7.369088649749756,
        "gx": -0.0037495335564017296,
        "gy": 0.00471213273704052,
        "gz": 0.0066413674503564835
    },
    "sequence": 526,
    "subcategory": "Apple Green",
    "subordinate_imu": {
        "ax": 6.393922328948975,
        "ay": 0.17191147804260254,
        "az": -7.523503303527832,
        "gx": 0.00013607589062303305,
        "gy": 0.0023015234619379044,
        "gz": -0.0069838883355259895
    }
}
