{
    "category": "Fruit",
    "challenge": [
        "rotten",
        "real",
        "good",
        "fake"
    ],
    "comment": "multiple",
    "green_screen": "Yes",
    "master_imu": {
        "ax": 6.35609245300293,
        "ay": 0.1494550257921219,
        "az": -7.301971435546875,
        "gx": -0.004412303678691387,
        "gy": -0.0014920048415660858,
        "gz": 0.010306838899850845
    },
    "sequence": 527,
    "subcategory": "Apple Green",
    "subordinate_imu": {
        "ax": 6.398696422576904,
        "ay": 0.15764808654785156,
        "az": -7.499741554260254,
        "gx": 0.0031956490129232407,
        "gy": 0.004784462973475456,
        "gz": -0.005143453367054462
    }
}
