{
    "category": "Fruit",
    "challenge": [
        "real",
        "good",
        "fake"
    ],
    "comment": "multiple",
    "green_screen": "Yes",
    "master_imu": {
        "ax": 6.3320770263671875,
        "ay": 0.21579986810684204,
        "az": -7.3449931144714355,
        "gx": -0.00560581311583519,
        "gy": 0.0015961602330207825,
        "gz": 0.009694304317235947
    },
    "sequence": 528,
    "subcategory": "Apple Green",
    "subordinate_imu": {
        "ax": 6.408290386199951,
        "ay": 0.11950124055147171,
        "az": -7.566348075866699,
        "gx": 0.0019631716422736645,
        "gy": 0.00046893954277038574,
        "gz": -0.0033285291865468025
    }
}
