{
    "category": "Fruit",
    "challenge": [
        "real",
        "good",
        "fake"
    ],
    "comment": "multiple",
    "green_screen": "Yes",
    "master_imu": {
        "ax": 6.351477146148682,
        "ay": 0.19206838309764862,
        "az": -7.373836040496826,
        "gx": -0.002566409297287464,
        "gy": 0.00038437917828559875,
        "gz": 0.007865199819207191
    },
    "sequence": 529,
    "subcategory": "Apple Green",
    "subordinate_imu": {
        "ax": 6.355701446533203,
        "ay": 0.16239868104457855,
        "az": -7.528251647949219,
        "gx": 0.004410876426845789,
        "gy": 0.003548465669155121,
        "gz": -0.0069769276306033134
    }
}
