{
    "category": "Fruit",
    "challenge": [
        "real",
        "good",
        "fake"
    ],
    "comment": "multiple",
    "green_screen": "Yes",
    "master_imu": {
        "ax": 6.3947343826293945,
        "ay": 0.2110087126493454,
        "az": -7.340413570404053,
        "gx": -0.0013715289533138275,
        "gy": 0.000376872718334198,
        "gz": 0.010274210944771767
    },
    "sequence": 530,
    "subcategory": "Apple Green",
    "subordinate_imu": {
        "ax": 6.408296585083008,
        "ay": 0.09094483405351639,
        "az": -7.556862831115723,
        "gx": -0.0004655853845179081,
        "gy": 0.004771048203110695,
        "gz": -0.005755939520895481
    }
}
