{
    "category": "Fruit",
    "challenge": [
        "real",
        "good",
        "fake"
    ],
    "comment": "multiple",
    "green_screen": "Yes",
    "master_imu": {
        "ax": 6.370780944824219,
        "ay": 0.18730919063091278,
        "az": -7.378698348999023,
        "gx": 0.0022459905594587326,
        "gy": -0.002084888517856598,
        "gz": 0.011469898745417595
    },
    "sequence": 531,
    "subcategory": "Apple Green, Apple",
    "subordinate_imu": {
        "ax": 6.374826431274414,
        "ay": 0.13858020305633545,
        "az": -7.5377888679504395,
        "gx": 0.0031852552201598883,
        "gy": 0.0016962066292762756,
        "gz": -0.006373870186507702
    }
}
