{
    "category": "Fruit",
    "challenge": [
        "real",
        "good",
        "fake"
    ],
    "comment": "multiple",
    "green_screen": "Yes",
    "master_imu": {
        "ax": 6.380325794219971,
        "ay": 0.18731871247291565,
        "az": -7.3499674797058105,
        "gx": 0.00047739502042531967,
        "gy": 0.0010236650705337524,
        "gz": 0.006630385294556618
    },
    "sequence": 532,
    "subcategory": "Apple Green, Apple",
    "subordinate_imu": {
        "ax": 6.379587650299072,
        "ay": 0.1624029576778412,
        "az": -7.513995170593262,
        "gx": -0.0010834990534931421,
        "gy": 0.002908453345298767,
        "gz": -0.008812800981104374
    }
}
