{
    "category": "Fruit",
    "challenge": [
        "real",
        "good",
        "fake"
    ],
    "comment": "multiple",
    "green_screen": "Yes",
    "master_imu": {
        "ax": 6.375550270080566,
        "ay": 0.15414458513259888,
        "az": -7.354766368865967,
        "gx": -0.006839414592832327,
        "gy": 0.0009589232504367828,
        "gz": 0.012124655768275261
    },
    "sequence": 533,
    "subcategory": "Apple Green, Apple",
    "subordinate_imu": {
        "ax": 6.37959098815918,
        "ay": 0.15763810276985168,
        "az": -7.518754482269287,
        "gx": 0.0025815682020038366,
        "gy": 0.004155538976192474,
        "gz": -0.008196192793548107
    }
}
