{
    "category": "Fruit",
    "challenge": [
        "real",
        "good",
        "fake"
    ],
    "comment": "multiple, bowl",
    "green_screen": "Yes",
    "master_imu": {
        "ax": 6.394899845123291,
        "ay": 0.2251938134431839,
        "az": -7.393136978149414,
        "gx": -0.000713014043867588,
        "gy": 0.0010344982147216797,
        "gz": 0.0036168801598250866
    },
    "sequence": 534,
    "subcategory": "Apple Green, Apple",
    "subordinate_imu": {
        "ax": 6.389134883880615,
        "ay": 0.14815029501914978,
        "az": -7.475971698760986,
        "gx": 0.002577844075858593,
        "gy": 0.0023152250796556473,
        "gz": -0.005152103491127491
    }
}
