{
    "category": "Fruit",
    "challenge": [
        "real",
        "good",
        "fake"
    ],
    "comment": "multiple, bowl",
    "green_screen": "Yes",
    "master_imu": {
        "ax": 6.370805263519287,
        "ay": 0.17782753705978394,
        "az": -7.38349723815918,
        "gx": 0.00046109873801469803,
        "gy": -0.0014521703124046326,
        "gz": 0.007248487323522568
    },
    "sequence": 535,
    "subcategory": "Apple Green, Apple",
    "subordinate_imu": {
        "ax": 6.3891401290893555,
        "ay": 0.14813797175884247,
        "az": -7.490236759185791,
        "gx": 0.0007608461892232299,
        "gy": 0.006627388298511505,
        "gz": -0.005138889886438847
    }
}
