{
    "category": "Fruit",
    "challenge": [
        "real",
        "good"
    ],
    "comment": "multiple",
    "green_screen": "Yes",
    "master_imu": {
        "ax": 1.4036362171173096,
        "ay": -0.12254340946674347,
        "az": -9.620025634765625,
        "gx": -0.007420414127409458,
        "gy": -0.00025694817304611206,
        "gz": 0.007904479280114174
    },
    "sequence": 307,
    "subcategory": "Mandarin",
    "subordinate_imu": {
        "ax": 1.458968162536621,
        "ay": -0.20443451404571533,
        "az": -9.728310585021973,
        "gx": -0.0016939332708716393,
        "gy": 0.00229787640273571,
        "gz": -0.006375049240887165
    }
}
