{
    "category": "Fruit",
    "challenge": [
        "real",
        "good",
        "fake"
    ],
    "comment": "multiple, bowl",
    "green_screen": "Yes",
    "master_imu": {
        "ax": 6.380370140075684,
        "ay": 0.1920490711927414,
        "az": -7.364346027374268,
        "gx": -0.004403434228152037,
        "gy": 0.00036237388849258423,
        "gz": 0.010296633467078209
    },
    "sequence": 536,
    "subcategory": "Apple Green, Apple",
    "subordinate_imu": {
        "ax": 6.4130659103393555,
        "ay": 0.10523374378681183,
        "az": -7.547341823577881,
        "gx": -0.0004619383253157139,
        "gy": 0.004789397120475769,
        "gz": -0.0002654474228620529
    }
}
