{
    "category": "Fruit",
    "challenge": [
        "real",
        "good",
        "fake",
        "mirror"
    ],
    "comment": "multiple, bowl",
    "green_screen": "Yes",
    "master_imu": {
        "ax": 6.409313678741455,
        "ay": 0.20623578131198883,
        "az": -7.374022483825684,
        "gx": -0.006179529707878828,
        "gy": 0.004697203636169434,
        "gz": 0.00726380106061697
    },
    "sequence": 537,
    "subcategory": "Apple Green, Apple",
    "subordinate_imu": {
        "ax": 6.365269660949707,
        "ay": 0.12431342154741287,
        "az": -7.523533821105957,
        "gx": 0.0031956490129232407,
        "gy": 0.004784462973475456,
        "gz": -0.005143453367054462
    }
}
