{
    "category": "Fruit",
    "challenge": [
        "real",
        "good",
        "fake",
        "mirror"
    ],
    "comment": "multiple, bowl",
    "green_screen": "Yes",
    "master_imu": {
        "ax": 6.404639720916748,
        "ay": 0.1872587352991104,
        "az": -7.412369251251221,
        "gx": -0.002588690258562565,
        "gy": -0.0014799796044826508,
        "gz": 0.009688889607787132
    },
    "sequence": 538,
    "subcategory": "Apple Green, Apple",
    "subordinate_imu": {
        "ax": 6.398713111877441,
        "ay": 0.1290670484304428,
        "az": -7.518786430358887,
        "gx": -0.002902304520830512,
        "gy": 0.005997136235237122,
        "gz": -0.005753436125814915
    }
}
