{
    "category": "Fruit",
    "challenge": [
        "real",
        "good",
        "fake",
        "mirror"
    ],
    "comment": "multiple, bowl",
    "green_screen": "Yes",
    "master_imu": {
        "ax": 6.385166168212891,
        "ay": 0.22048085927963257,
        "az": -7.364344596862793,
        "gx": 0.0010392135009169579,
        "gy": -0.00270216166973114,
        "gz": 0.010273280553519726
    },
    "sequence": 539,
    "subcategory": "Apple Green, Apple",
    "subordinate_imu": {
        "ax": 6.379589557647705,
        "ay": 0.16239885985851288,
        "az": -7.5187506675720215,
        "gx": 0.00013780617155134678,
        "gy": 0.0017030350863933563,
        "gz": -0.00149545818567276
    }
}
