{
    "category": "Fruit",
    "challenge": [
        "real",
        "good",
        "fake",
        "mirror",
        "hot",
        "cold"
    ],
    "comment": "multiple, bowl",
    "green_screen": "Yes",
    "master_imu": {
        "ax": 6.390023708343506,
        "ay": 0.17782263457775116,
        "az": -7.364387512207031,
        "gx": 0.0010466398671269417,
        "gy": -0.0020807087421417236,
        "gz": 0.009665383957326412
    },
    "sequence": 540,
    "subcategory": "Apple Green, Apple",
    "subordinate_imu": {
        "ax": 6.422607421875,
        "ay": 0.10051082074642181,
        "az": -7.499799728393555,
        "gx": 0.0038043849635869265,
        "gy": 0.003564920276403427,
        "gz": -0.0014868425205349922
    }
}
