{
    "category": "Fruit",
    "challenge": [
        "real",
        "good",
        "fake",
        "mirror",
        "hot",
        "cold"
    ],
    "comment": "multiple, bowl",
    "green_screen": "Yes",
    "master_imu": {
        "ax": 6.389978885650635,
        "ay": 0.1920466125011444,
        "az": -7.354791164398193,
        "gx": -0.00016165152192115784,
        "gy": -0.002083186060190201,
        "gz": 0.009069858118891716
    },
    "sequence": 541,
    "subcategory": "Apple Green, Apple",
    "subordinate_imu": {
        "ax": 6.37483024597168,
        "ay": 0.10051457583904266,
        "az": -7.514046669006348,
        "gx": -0.00047446764074265957,
        "gy": 0.002297591418027878,
        "gz": -0.007594347931444645
    }
}
