{
    "category": "Fruit",
    "challenge": [
        "real",
        "good",
        "fake",
        "mirror",
        "hot",
        "cold"
    ],
    "comment": "multiple, bowl",
    "green_screen": "Yes",
    "master_imu": {
        "ax": 6.380264759063721,
        "ay": 0.20154568552970886,
        "az": -7.335577011108398,
        "gx": 0.003485577180981636,
        "gy": -0.0020591281354427338,
        "gz": 0.007833960466086864
    },
    "sequence": 542,
    "subcategory": "Apple Green, Apple",
    "subordinate_imu": {
        "ax": 6.374829292297363,
        "ay": 0.13381531834602356,
        "az": -7.542548656463623,
        "gx": 0.0007546910783275962,
        "gy": 0.00477483868598938,
        "gz": -0.005755127407610416
    }
}
