{
    "category": "Fruit",
    "challenge": [
        "real",
        "good"
    ],
    "comment": "multiple",
    "green_screen": "Yes",
    "master_imu": {
        "ax": 1.369857668876648,
        "ay": -0.08459921181201935,
        "az": -9.619888305664062,
        "gx": 0.0010616378858685493,
        "gy": -0.004533257335424423,
        "gz": 0.006052021868526936
    },
    "sequence": 308,
    "subcategory": "Mandarin",
    "subordinate_imu": {
        "ax": 1.4637240171432495,
        "ay": -0.18535608053207397,
        "az": -9.685501098632812,
        "gx": 0.00014536338858306408,
        "gy": 0.0047770217061042786,
        "gz": -0.0045354245230555534
    }
}
