{
  "category": "Fruit, Kitchen Items",
  "challenge": [
    "real",
    "good",
    "fake",
    "hot",
    "cold"
  ],
  "comment": "multiple",
  "green_screen": "Yes",
  "master_imu": {
    "ax": 6.361058235168457,
    "ay": 0.2252412736415863,
    "az": -7.364260196685791,
    "gx": 0.0004982342943549156,
    "gy": 0.0016551017761230469,
    "gz": 0.0042090038768947124
  },
  "sequence": 546,
  "subcategory": "Apple, Cup",
  "subordinate_imu": {
    "ax": 6.4178314208984375,
    "ay": 0.12904830276966095,
    "az": -7.5330586433410645,
    "gx": 0.0007492369040846825,
    "gy": 0.003533013164997101,
    "gz": -0.008199471049010754
  }
}
