{
  "category": "Fruit, Kitchen Items",
  "challenge": [
    "real",
    "good",
    "fake",
    "hot",
    "cold"
  ],
  "comment": "multiple",
  "green_screen": "Yes",
  "master_imu": {
    "ax": 6.414140224456787,
    "ay": 0.16358354687690735,
    "az": -7.364477634429932,
    "gx": -0.004978520795702934,
    "gy": 0.0003827586770057678,
    "gz": 0.00606965459883213
  },
  "sequence": 547,
  "subcategory": "Apple, Cup",
  "subordinate_imu": {
    "ax": 6.379618167877197,
    "ay": 0.1290324181318283,
    "az": -7.566329002380371,
    "gx": -0.0010756137780845165,
    "gy": 0.004162512719631195,
    "gz": -0.002708132378757
  }
}
