{
  "category": "Kitchen Items",
  "challenge": [
    "hot",
    "cold"
  ],
  "comment": "residual heat",
  "green_screen": "Yes",
  "master_imu": {
    "ax": 6.414127826690674,
    "ay": 0.17780154943466187,
    "az": -7.364468574523926,
    "gx": -0.0007665185257792473,
    "gy": -0.0027008838951587677,
    "gz": 0.008473250083625317
  },
  "sequence": 548,
  "subcategory": "Cup",
  "subordinate_imu": {
    "ax": 6.398714065551758,
    "ay": 0.1576070338487625,
    "az": -7.547291278839111,
    "gx": -0.001067947130650282,
    "gy": 0.006629856303334236,
    "gz": -0.0026998864486813545
  }
}
