{
  "category": "Kitchen Items",
  "challenge": [
    "hot",
    "cold"
  ],
  "comment": "residual heat",
  "green_screen": "Yes",
  "master_imu": {
    "ax": 6.385275363922119,
    "ay": 0.20624491572380066,
    "az": -7.393116474151611,
    "gx": 0.0016380958259105682,
    "gy": -0.0014729835093021393,
    "gz": 0.01207547727972269
  },
  "sequence": 549,
  "subcategory": "Cup",
  "subordinate_imu": {
    "ax": 6.436931133270264,
    "ay": 0.15285804867744446,
    "az": -7.51878023147583,
    "gx": 0.004414414055645466,
    "gy": 0.004173459485173225,
    "gz": -0.004534648731350899
  }
}
