{
  "category": "Kitchen Items",
  "challenge": [
    "hot",
    "cold"
  ],
  "comment": "residual heat",
  "green_screen": "Yes",
  "master_imu": {
    "ax": 6.423853874206543,
    "ay": 0.19199316203594208,
    "az": -7.393255233764648,
    "gx": 0.0010511111468076706,
    "gy": -0.002077382057905197,
    "gz": 0.009060888551175594
  },
  "sequence": 550,
  "subcategory": "Cup",
  "subordinate_imu": {
    "ax": 6.384371280670166,
    "ay": 0.17665903270244598,
    "az": -7.542515277862549,
    "gx": 0.0013568666763603687,
    "gy": 0.0017007123678922653,
    "gz": -0.003324812278151512
  }
}
