{
    "category": "Fruit, Kitchen Items",
    "challenge": [
        "hot",
        "real",
        "good"
    ],
    "comment": "residual heat",
    "green_screen": "Yes",
    "master_imu": {
        "ax": 6.36101770401001,
        "ay": 0.2347259223461151,
        "az": -7.3546671867370605,
        "gx": -0.0007517365738749504,
        "gy": 0.0003897547721862793,
        "gz": 0.008456241339445114
    },
    "sequence": 551,
    "subcategory": "Pear, Cup",
    "subordinate_imu": {
        "ax": 6.408264636993408,
        "ay": 0.1433461457490921,
        "az": -7.518777847290039,
        "gx": 0.00014466233551502228,
        "gy": 0.00416630320250988,
        "gz": -0.00270732119679451
    }
}
