{
    "category": "Fruit, Kitchen Items",
    "challenge": [
        "hot",
        "real",
        "good"
    ],
    "comment": "residual heat",
    "green_screen": "Yes",
    "master_imu": {
        "ax": 6.341650485992432,
        "ay": 0.18263404071331024,
        "az": -7.316283226013184,
        "gx": -0.004376681987196207,
        "gy": 0.0022300630807876587,
        "gz": 0.007868449203670025
    },
    "sequence": 552,
    "subcategory": "Pear, Cup",
    "subordinate_imu": {
        "ax": 6.374820709228516,
        "ay": 0.13383585214614868,
        "az": -7.518773555755615,
        "gx": 0.0013518177438527346,
        "gy": 0.00046092644333839417,
        "gz": -0.0051590995863080025
    }
}
