{
    "category": "Fruit, Kitchen Items",
    "challenge": [
        "hot",
        "real",
        "good"
    ],
    "comment": "residual heat",
    "green_screen": "Yes",
    "master_imu": {
        "ax": 6.390071392059326,
        "ay": 0.19676800072193146,
        "az": -7.383550643920898,
        "gx": -0.0019554849714040756,
        "gy": -0.00145711749792099,
        "gz": 0.006057436112314463
    },
    "sequence": 553,
    "subcategory": "Pear, Cup",
    "subordinate_imu": {
        "ax": 6.417807579040527,
        "ay": 0.13861910998821259,
        "az": -7.4759907722473145,
        "gx": 0.004397054202854633,
        "gy": -0.0007714219391345978,
        "gz": -0.007601412944495678
    }
}
