{
    "category": "Fruit, Kitchen Items",
    "challenge": [
        "hot",
        "real",
        "good",
        "rotten"
    ],
    "comment": "residual heat",
    "green_screen": "Yes",
    "master_imu": {
        "ax": 6.414151668548584,
        "ay": 0.18727423250675201,
        "az": -7.374050617218018,
        "gx": -0.001399795524775982,
        "gy": -0.0008760169148445129,
        "gz": 0.013303488492965698
    },
    "sequence": 554,
    "subcategory": "Pear, Cup",
    "subordinate_imu": {
        "ax": 6.398712635040283,
        "ay": 0.11479705572128296,
        "az": -7.504533290863037,
        "gx": -0.00046153319999575615,
        "gy": 0.004791436716914177,
        "gz": 0.00034460797905921936
    }
}
