{
    "category": "Fruit, Kitchen Items",
    "challenge": [
        "hot",
        "real",
        "good",
        "rotten"
    ],
    "comment": "residual heat",
    "green_screen": "Yes",
    "master_imu": {
        "ax": 6.3900675773620605,
        "ay": 0.2015073448419571,
        "az": -7.383547782897949,
        "gx": -0.000744309276342392,
        "gy": 0.0010112114250659943,
        "gz": 0.0078483447432518
    },
    "sequence": 555,
    "subcategory": "Pear, Cup",
    "subordinate_imu": {
        "ax": 6.432173728942871,
        "ay": 0.1385403871536255,
        "az": -7.561585426330566,
        "gx": -0.0004640738479793072,
        "gy": 0.005385847762227058,
        "gz": -0.006363932974636555
    }
}
