{
    "category": "Fruit",
    "challenge": [
        "real",
        "good"
    ],
    "comment": "multiple",
    "green_screen": "Yes",
    "master_imu": {
        "ax": 1.4036850929260254,
        "ay": -0.14150674641132355,
        "az": -9.62962532043457,
        "gx": -0.0049933032132685184,
        "gy": -0.002707879990339279,
        "gz": 0.006086663343012333
    },
    "sequence": 309,
    "subcategory": "Mandarin",
    "subordinate_imu": {
        "ax": 1.511542558670044,
        "ay": -0.20924168825149536,
        "az": -9.761618614196777,
        "gx": -0.00047516869381070137,
        "gy": 0.0016868691891431808,
        "gz": -0.005766245536506176
    }
}
