{
    "category": "Fruit, Kitchen Items",
    "challenge": [
        "hot",
        "real",
        "good",
        "rotten"
    ],
    "comment": "residual heat",
    "green_screen": "Yes",
    "master_imu": {
        "ax": 6.3899335861206055,
        "ay": 0.22522494196891785,
        "az": -7.349976539611816,
        "gx": 0.0010644514113664627,
        "gy": -0.0002196691930294037,
        "gz": 0.008446188643574715
    },
    "sequence": 556,
    "subcategory": "Pear, Cup",
    "subordinate_imu": {
        "ax": 6.446491718292236,
        "ay": 0.12430252879858017,
        "az": -7.504542827606201,
        "gx": 0.0025839994195848703,
        "gy": 0.004167772829532623,
        "gz": -0.0045358650386333466
    }
}
