{
    "category": "Fruit",
    "challenge": [
        "real",
        "good",
        "rotten"
    ],
    "comment": "residual heat",
    "green_screen": "Yes",
    "master_imu": {
        "ax": 6.404506206512451,
        "ay": 0.17306765913963318,
        "az": -7.369233131408691,
        "gx": -0.0019837506115436554,
        "gy": -0.0027100108563899994,
        "gz": 0.009086714126169682
    },
    "sequence": 557,
    "subcategory": "Pear",
    "subordinate_imu": {
        "ax": 6.379589557647705,
        "ay": 0.1528855264186859,
        "az": -7.509248733520508,
        "gx": 0.00014223111793398857,
        "gy": 0.00415407121181488,
        "gz": -0.00636765081435442
    }
}
