{
    "category": "Fruit",
    "challenge": [
        "real",
        "good",
        "rotten"
    ],
    "comment": "residual heat",
    "green_screen": "Yes",
    "master_imu": {
        "ax": 6.419073104858398,
        "ay": 0.2204214334487915,
        "az": -7.412397384643555,
        "gx": 0.00046996772289276123,
        "gy": 0.0004022084176540375,
        "gz": 0.007238281890749931
    },
    "sequence": 558,
    "subcategory": "Pear",
    "subordinate_imu": {
        "ax": 6.398717403411865,
        "ay": 0.13857215642929077,
        "az": -7.537797927856445,
        "gx": 0.0013640188844874501,
        "gy": 0.00477265752851963,
        "gz": -0.006974832154810429
    }
}
