{
    "category": "Fruit",
    "challenge": [
        "real",
        "good",
        "rotten"
    ],
    "comment": "residual heat",
    "green_screen": "Yes",
    "master_imu": {
        "ax": 6.418936252593994,
        "ay": 0.19201533496379852,
        "az": -7.364476203918457,
        "gx": -0.004416846204549074,
        "gy": 0.00035239383578300476,
        "gz": 0.012110118754208088
    },
    "sequence": 559,
    "subcategory": "Pear",
    "subordinate_imu": {
        "ax": 6.427377700805664,
        "ay": 0.14333972334861755,
        "az": -7.518784999847412,
        "gx": 0.0013588927686214447,
        "gy": 0.0017109047621488571,
        "gz": -0.0002745389938354492
    }
}
