{
    "category": "Fruit",
    "challenge": [
        "real",
        "good",
        "rotten"
    ],
    "comment": "residual heat",
    "green_screen": "Yes",
    "master_imu": {
        "ax": 6.3947672843933105,
        "ay": 0.19204837083816528,
        "az": -7.345219135284424,
        "gx": -0.0037896260619163513,
        "gy": 0.0009867288172245026,
        "gz": 0.009684252552688122
    },
    "sequence": 560,
    "subcategory": "Pear",
    "subordinate_imu": {
        "ax": 6.393934726715088,
        "ay": 0.18139606714248657,
        "az": -7.566288948059082,
        "gx": 0.0007585244020447135,
        "gy": 0.006008511409163475,
        "gz": -0.005751005373895168
    }
}
