{
    "category": "Fruit",
    "challenge": [
        "real",
        "good",
        "rotten"
    ],
    "comment": "residual heat",
    "green_screen": "Yes",
    "master_imu": {
        "ax": 6.409233093261719,
        "ay": 0.20625074207782745,
        "az": -7.350053310394287,
        "gx": -0.0019912496209144592,
        "gy": -0.001483730971813202,
        "gz": 0.01089339517056942
    },
    "sequence": 561,
    "subcategory": "Pear",
    "subordinate_imu": {
        "ax": 6.393918991088867,
        "ay": 0.18143302202224731,
        "az": -7.523494720458984,
        "gx": 0.0019749675411731005,
        "gy": 0.004778631031513214,
        "gz": -0.005754317156970501
    }
}
