{
    "category": "Fruit",
    "challenge": [
        "real",
        "good",
        "rotten"
    ],
    "comment": "residual heat",
    "green_screen": "Yes",
    "master_imu": {
        "ax": 6.389857292175293,
        "ay": 0.20154622197151184,
        "az": -7.32122802734375,
        "gx": -0.0013550883159041405,
        "gy": -0.000842750072479248,
        "gz": 0.00725853955373168
    },
    "sequence": 562,
    "subcategory": "Pear",
    "subordinate_imu": {
        "ax": 6.360469341278076,
        "ay": 0.16717837750911713,
        "az": -7.504473686218262,
        "gx": 0.002583594061434269,
        "gy": 0.004165733233094215,
        "gz": -0.005145919509232044
    }
}
