{
    "category": "Fruit",
    "challenge": [
        "real",
        "good"
    ],
    "comment": "residual heat",
    "green_screen": "Yes",
    "master_imu": {
        "ax": 6.3611674308776855,
        "ay": 0.2110053300857544,
        "az": -7.393032073974609,
        "gx": -0.0013684285804629326,
        "gy": -0.002700459212064743,
        "gz": 0.007873239926993847
    },
    "sequence": 563,
    "subcategory": "Pear",
    "subordinate_imu": {
        "ax": 6.4130539894104,
        "ay": 0.11953248083591461,
        "az": -7.5283098220825195,
        "gx": 0.00014576863031834364,
        "gy": 0.004779059439897537,
        "gz": -0.003925370052456856
    }
}
