{
    "category": "Fruit",
    "challenge": [
        "real",
        "good"
    ],
    "comment": "residual heat",
    "green_screen": "Yes",
    "master_imu": {
        "ax": 6.394799709320068,
        "ay": 0.19204239547252655,
        "az": -7.354807376861572,
        "gx": -0.0019720690324902534,
        "gy": 0.003457961603999138,
        "gz": 0.011470675468444824
    },
    "sequence": 564,
    "subcategory": "Pear",
    "subordinate_imu": {
        "ax": 6.355706214904785,
        "ay": 0.1433597207069397,
        "az": -7.5235137939453125,
        "gx": 0.0001462831860408187,
        "gy": 0.004174457862973213,
        "gz": -0.00026710331439971924
    }
}
