{
    "category": "Fruit",
    "challenge": [
        "real",
        "good"
    ],
    "comment": "residual heat",
    "green_screen": "Yes",
    "master_imu": {
        "ax": 6.3658833503723145,
        "ay": 0.20154337584972382,
        "az": -7.3594970703125,
        "gx": -0.0013759993016719818,
        "gy": 0.0003735460340976715,
        "gz": 0.01087870541960001
    },
    "sequence": 565,
    "subcategory": "Pear",
    "subordinate_imu": {
        "ax": 6.436936378479004,
        "ay": 0.11003164947032928,
        "az": -7.495041847229004,
        "gx": 0.002584185916930437,
        "gy": 0.005383094772696495,
        "gz": -0.010022233240306377
    }
}
