{
    "category": "Fruit",
    "challenge": [
        "real",
        "good"
    ],
    "comment": "multiple",
    "green_screen": "Yes",
    "master_imu": {
        "ax": 1.4275140762329102,
        "ay": -0.14147697389125824,
        "az": -9.548210144042969,
        "gx": 0.0004388168454170227,
        "gy": -0.003316536545753479,
        "gz": 0.009072177112102509
    },
    "sequence": 310,
    "subcategory": "Mandarin",
    "subordinate_imu": {
        "ax": 1.4637913703918457,
        "ay": -0.28065356612205505,
        "az": -9.780683517456055,
        "gx": 0.003191223833709955,
        "gy": 0.0023334305733442307,
        "gz": -0.00027126166969537735
    }
}
