{
    "category": "Fruit",
    "challenge": [
        "real",
        "rotten"
    ],
    "comment": "residual heat",
    "green_screen": "Yes",
    "master_imu": {
        "ax": 6.399567127227783,
        "ay": 0.21574082970619202,
        "az": -7.345220565795898,
        "gx": -0.0019094077870249748,
        "gy": 0.0016568079590797424,
        "gz": 0.0018089627847075462
    },
    "sequence": 566,
    "subcategory": "Pear",
    "subordinate_imu": {
        "ax": 6.408281326293945,
        "ay": 0.1004951149225235,
        "az": -7.5235700607299805,
        "gx": -0.0004775999113917351,
        "gy": 0.0016746371984481812,
        "gz": -0.009426572360098362
    }
}
