{
    "category": "Fruit",
    "challenge": [
        "real",
        "rotten"
    ],
    "comment": "residual heat",
    "green_screen": "Yes",
    "master_imu": {
        "ax": 6.414119720458984,
        "ay": 0.16832587122917175,
        "az": -7.359680652618408,
        "gx": -0.0044018481858074665,
        "gy": -0.0021001584827899933,
        "gz": 0.008496755734086037
    },
    "sequence": 567,
    "subcategory": "Pear",
    "subordinate_imu": {
        "ax": 6.379599571228027,
        "ay": 0.13859090209007263,
        "az": -7.523526668548584,
        "gx": 0.0025894534774124622,
        "gy": 0.005409598350524902,
        "gz": -0.002091522328555584
    }
}
