{
    "category": "Fruit",
    "challenge": [
        "real",
        "rotten"
    ],
    "comment": "residual heat",
    "green_screen": "Yes",
    "master_imu": {
        "ax": 6.389897346496582,
        "ay": 0.21101590991020203,
        "az": -7.3356032371521,
        "gx": -0.0025589102879166603,
        "gy": -0.0008418969810009003,
        "gz": 0.006058518774807453
    },
    "sequence": 568,
    "subcategory": "Pear",
    "subordinate_imu": {
        "ax": 6.427371978759766,
        "ay": 0.1671394556760788,
        "az": -7.523519515991211,
        "gx": 0.0007519639329984784,
        "gy": 0.00415392778813839,
        "gz": -0.00697729829698801
    }
}
