{
    "category": "Fruit",
    "challenge": [
        "real",
        "rotten"
    ],
    "comment": "residual heat",
    "green_screen": "Yes",
    "master_imu": {
        "ax": 6.4042510986328125,
        "ay": 0.20628486573696136,
        "az": -7.302098751068115,
        "gx": -0.0007590921595692635,
        "gy": -0.002079430967569351,
        "gz": 0.007865353487432003
    },
    "sequence": 569,
    "subcategory": "Pear",
    "subordinate_imu": {
        "ax": 6.4130377769470215,
        "ay": 0.14811351895332336,
        "az": -7.509265422821045,
        "gx": -0.0004634498618543148,
        "gy": 0.004174603149294853,
        "gz": 0.0003425469622015953
    }
}
