{
    "category": "Fruit",
    "challenge": [
        "real",
        "rotten"
    ],
    "comment": "residual heat",
    "green_screen": "Yes",
    "master_imu": {
        "ax": 6.380361080169678,
        "ay": 0.22048208117485046,
        "az": -7.369122505187988,
        "gx": 0.0004535997286438942,
        "gy": -0.000225897878408432,
        "gz": 0.009055168367922306
    },
    "sequence": 570,
    "subcategory": "Pear",
    "subordinate_imu": {
        "ax": 6.403480052947998,
        "ay": 0.17190414667129517,
        "az": -7.528261184692383,
        "gx": -0.0004717404954135418,
        "gy": 0.0029185041785240173,
        "gz": -0.0063721789047122
    }
}
