{
    "category": "Fruit",
    "challenge": [
        "real",
        "rotten"
    ],
    "comment": "residual heat",
    "green_screen": "Yes",
    "master_imu": {
        "ax": 6.389934062957764,
        "ay": 0.20627060532569885,
        "az": -7.345194339752197,
        "gx": -0.00500397477298975,
        "gy": 0.003443460911512375,
        "gz": 0.011493099853396416
    },
    "sequence": 571,
    "subcategory": "Pear",
    "subordinate_imu": {
        "ax": 6.37959623336792,
        "ay": 0.10529837012290955,
        "az": -7.4855146408081055,
        "gx": 0.001976993400603533,
        "gy": 0.004788825288414955,
        "gz": -0.002704043872654438
    }
}
