{
    "category": "Fruit",
    "challenge": [
        "real",
        "rotten",
        "good"
    ],
    "comment": "multiple",
    "green_screen": "Yes",
    "master_imu": {
        "ax": 6.414216041564941,
        "ay": 0.20621661841869354,
        "az": -7.398007869720459,
        "gx": -0.003206969238817692,
        "gy": -0.002107664942741394,
        "gz": 0.010905766859650612
    },
    "sequence": 572,
    "subcategory": "Pear",
    "subordinate_imu": {
        "ax": 6.422613143920898,
        "ay": 0.1290384829044342,
        "az": -7.5425705909729,
        "gx": 0.005637121386826038,
        "gy": 0.004189483821392059,
        "gz": -0.0008735097944736481
    }
}
