{
    "category": "Fruit",
    "challenge": [
        "real",
        "rotten",
        "good"
    ],
    "comment": "multiple",
    "green_screen": "Yes",
    "master_imu": {
        "ax": 6.428625583648682,
        "ay": 0.2109522670507431,
        "az": -7.383671760559082,
        "gx": -0.001934717409312725,
        "gy": 0.0010220445692539215,
        "gz": 0.004834839142858982
    },
    "sequence": 573,
    "subcategory": "Pear",
    "subordinate_imu": {
        "ax": 6.408265113830566,
        "ay": 0.15285947918891907,
        "az": -7.5282793045043945,
        "gx": 0.0007542087696492672,
        "gy": 0.0029508359730243683,
        "gz": 0.002169397659599781
    }
}
