{
    "category": "Fruit",
    "challenge": [
        "real",
        "rotten",
        "good"
    ],
    "comment": "multiple",
    "green_screen": "Yes",
    "master_imu": {
        "ax": 6.404401779174805,
        "ay": 0.14465557038784027,
        "az": -7.330899715423584,
        "gx": 0.00043283216655254364,
        "gy": -0.002705063670873642,
        "gz": 0.0102777648717165
    },
    "sequence": 574,
    "subcategory": "Pear",
    "subordinate_imu": {
        "ax": 6.43216609954834,
        "ay": 0.12904348969459534,
        "az": -7.533063888549805,
        "gx": 0.001354731386527419,
        "gy": 0.0022971611469984055,
        "gz": -0.009423295967280865
    }
}
