{
    "category": "Fruit",
    "challenge": [
        "real",
        "good"
    ],
    "comment": "multiple",
    "green_screen": "Yes",
    "master_imu": {
        "ax": 6.356309413909912,
        "ay": 0.19680051505565643,
        "az": -7.37864351272583,
        "gx": -0.0025679226964712143,
        "gy": 0.0009991824626922607,
        "gz": 0.008466293103992939
    },
    "sequence": 575,
    "subcategory": "Apple Green, Pear, Onion, Onion Red",
    "subordinate_imu": {
        "ax": 6.417806625366211,
        "ay": 0.1671631932258606,
        "az": -7.4997406005859375,
        "gx": 0.0025878327433019876,
        "gy": 0.005401443690061569,
        "gz": -0.004531742073595524
    }
}
