{
    "category": "Fruit",
    "challenge": [
        "real",
        "good",
        "rotten"
    ],
    "comment": "multiple",
    "green_screen": "Yes",
    "master_imu": {
        "ax": 1.3987460136413574,
        "ay": -0.09883351624011993,
        "az": -9.605612754821777,
        "gx": 0.0004358608275651932,
        "gy": -0.0039346665143966675,
        "gz": 0.009075579233467579
    },
    "sequence": 311,
    "subcategory": "Mandarin",
    "subordinate_imu": {
        "ax": 1.487645149230957,
        "ay": -0.19019055366516113,
        "az": -9.761592864990234,
        "gx": -0.0004748727660626173,
        "gy": 0.00229555182158947,
        "gz": -0.008204403333365917
    }
}
