{
    "category": "Fruit",
    "challenge": [
        "real",
        "good"
    ],
    "comment": "multiple",
    "green_screen": "Yes",
    "master_imu": {
        "ax": 6.404364109039307,
        "ay": 0.206263929605484,
        "az": -7.335655212402344,
        "gx": -0.002584291622042656,
        "gy": 0.0003710724413394928,
        "gz": 0.010283179581165314
    },
    "sequence": 576,
    "subcategory": "Apple Green, Pear, Onion, Onion Red",
    "subordinate_imu": {
        "ax": 6.451287746429443,
        "ay": 0.12425985932350159,
        "az": -7.55209493637085,
        "gx": 0.0019723498262465,
        "gy": 0.0035510770976543427,
        "gz": -0.003928276710212231
    }
}
