{
    "category": "Fruit",
    "challenge": [
        "real",
        "good"
    ],
    "comment": "multiple",
    "green_screen": "Yes",
    "master_imu": {
        "ax": 6.418818473815918,
        "ay": 0.2157299518585205,
        "az": -7.335698127746582,
        "gx": 0.0016543921083211899,
        "gy": 0.0010028518736362457,
        "gz": 0.01145737525075674
    },
    "sequence": 577,
    "subcategory": "Apple Green, Pear, Onion, Onion Red",
    "subordinate_imu": {
        "ax": 6.42738676071167,
        "ay": 0.13856253027915955,
        "az": -7.537808418273926,
        "gx": 0.0019825571216642857,
        "gy": 0.0054240114986896515,
        "gz": 0.0027885083109140396
    }
}
