{
    "category": "Fruit",
    "challenge": [
        "real",
        "good"
    ],
    "comment": "multiple",
    "green_screen": "Yes",
    "master_imu": {
        "ax": 6.380244255065918,
        "ay": 0.20628800988197327,
        "az": -7.330779552459717,
        "gx": -0.0038014519959688187,
        "gy": -0.001485779881477356,
        "gz": 0.009697859175503254
    },
    "sequence": 578,
    "subcategory": "Apple Green, Pear, Onion, Onion Red",
    "subordinate_imu": {
        "ax": 6.389155864715576,
        "ay": 0.13858769834041595,
        "az": -7.523530006408691,
        "gx": 0.001971835270524025,
        "gy": 0.004155682399868965,
        "gz": -0.007586543448269367
    }
}
