{
    "category": "Fruit",
    "challenge": [
        "real",
        "good"
    ],
    "comment": "multiple",
    "green_screen": "Yes",
    "master_imu": {
        "ax": 6.433337688446045,
        "ay": 0.16832095384597778,
        "az": -7.340569972991943,
        "gx": -0.004392907023429871,
        "gy": -0.0020935051143169403,
        "gz": 0.007287766318768263
    },
    "sequence": 579,
    "subcategory": "Apple Green, Pear, Onion, Onion Red",
    "subordinate_imu": {
        "ax": 6.393909454345703,
        "ay": 0.1624268889427185,
        "az": -7.480716228485107,
        "gx": -0.001080257585272193,
        "gy": 0.0029247626662254333,
        "gz": -0.003932364284992218
    }
}
