{
    "category": "Fruit",
    "challenge": [
        "real",
        "good"
    ],
    "comment": "multiple",
    "green_screen": "Yes",
    "master_imu": {
        "ax": 6.365790367126465,
        "ay": 0.17786763608455658,
        "az": -7.325954914093018,
        "gx": -0.0013908538967370987,
        "gy": -0.00086936354637146,
        "gz": 0.012094498611986637
    },
    "sequence": 580,
    "subcategory": "Apple Green, Pear, Onion, Onion Red",
    "subordinate_imu": {
        "ax": 6.475163459777832,
        "ay": 0.12428878247737885,
        "az": -7.509308815002441,
        "gx": -0.001690099947154522,
        "gy": 0.003531547263264656,
        "gz": -0.006370927207171917
    }
}
