{
    "category": "Vegetables",
    "challenge": [
        "real",
        "good"
    ],
    "comment": "",
    "green_screen": "Yes",
    "master_imu": {
        "ax": 6.4381303787231445,
        "ay": 0.1635833978652954,
        "az": -7.331001281738281,
        "gx": -0.0020002638921141624,
        "gy": 0.0003573410212993622,
        "gz": 0.013301169499754906
    },
    "sequence": 581,
    "subcategory": "Carrot",
    "subordinate_imu": {
        "ax": 6.389149188995361,
        "ay": 0.15287411212921143,
        "az": -7.518762588500977,
        "gx": 0.0013661542907357216,
        "gy": 0.004176212474703789,
        "gz": -0.0008763466030359268
    }
}
