{
    "category": "Vegetables",
    "challenge": [
        "real",
        "good"
    ],
    "comment": "",
    "green_screen": "Yes",
    "master_imu": {
        "ax": 6.36586332321167,
        "ay": 0.18733134865760803,
        "az": -7.349918842315674,
        "gx": -0.0013938825577497482,
        "gy": 0.00036023929715156555,
        "gz": 0.013296684250235558
    },
    "sequence": 582,
    "subcategory": "Carrot",
    "subordinate_imu": {
        "ax": 6.427376747131348,
        "ay": 0.15285715460777283,
        "az": -7.523531913757324,
        "gx": 0.002572390018031001,
        "gy": 0.0010734014213085175,
        "gz": -0.007596445269882679
    }
}
