{
    "category": "Vegetables",
    "challenge": [
        "real",
        "good"
    ],
    "comment": "",
    "green_screen": "Yes",
    "master_imu": {
        "ax": 6.428533554077148,
        "ay": 0.18727652728557587,
        "az": -7.350130081176758,
        "gx": 0.00464325025677681,
        "gy": -0.0033261738717556,
        "gz": 0.014481239020824432
    },
    "sequence": 583,
    "subcategory": "Carrot",
    "subordinate_imu": {
        "ax": 6.417839527130127,
        "ay": 0.09573113173246384,
        "az": -7.523577690124512,
        "gx": 0.0031840396113693714,
        "gy": 0.0016900897026062012,
        "gz": -0.00820403452962637
    }
}
