{
    "category": "Vegetables",
    "challenge": [
        "real",
        "good"
    ],
    "comment": "multiple",
    "green_screen": "Yes",
    "master_imu": {
        "ax": 6.385239124298096,
        "ay": 0.19203588366508484,
        "az": -7.378744125366211,
        "gx": -0.0019526723772287369,
        "gy": 0.0028564706444740295,
        "gz": 0.008451603353023529
    },
    "sequence": 584,
    "subcategory": "Carrot",
    "subordinate_imu": {
        "ax": 6.384349822998047,
        "ay": 0.17195163667201996,
        "az": -7.480704307556152,
        "gx": 0.003196349833160639,
        "gy": 0.005395183339715004,
        "gz": -0.006971553899347782
    }
}
