{
    "category": "Vegetables",
    "challenge": [
        "real",
        "good"
    ],
    "comment": "multiple",
    "green_screen": "Yes",
    "master_imu": {
        "ax": 6.404561996459961,
        "ay": 0.22044305503368378,
        "az": -7.397966384887695,
        "gx": -0.0001676362007856369,
        "gy": -0.0014717057347297668,
        "gz": 0.010275445878505707
    },
    "sequence": 585,
    "subcategory": "Carrot",
    "subordinate_imu": {
        "ax": 6.4082770347595215,
        "ay": 0.13856074213981628,
        "az": -7.547311305999756,
        "gx": -0.001688884338364005,
        "gy": 0.0035376641899347305,
        "gz": -0.004540762864053249
    }
}
