{
    "category": "Fruit",
    "challenge": [
        "real",
        "rotten"
    ],
    "comment": "",
    "green_screen": "Yes",
    "master_imu": {
        "ax": 1.3940352201461792,
        "ay": -0.13201965391635895,
        "az": -9.629587173461914,
        "gx": -0.0013565309345722198,
        "gy": -0.0020756796002388,
        "gz": 0.006660847924649715
    },
    "sequence": 284,
    "subcategory": "Lemon",
    "subordinate_imu": {
        "ax": 1.4255093336105347,
        "ay": -0.17109787464141846,
        "az": -9.728269577026367,
        "gx": 0.001354731386527419,
        "gy": 0.0022971611469984055,
        "gz": -0.009423295967280865
    }
}
