{
    "category": "Fruit",
    "challenge": [
        "real",
        "good",
        "rotten"
    ],
    "comment": "multiple",
    "green_screen": "Yes",
    "master_imu": {
        "ax": 1.3795489072799683,
        "ay": -0.14147965610027313,
        "az": -9.619956016540527,
        "gx": 0.0016887150704860687,
        "gy": -0.00020346418023109436,
        "gz": 0.006023724563419819
    },
    "sequence": 312,
    "subcategory": "Mandarin",
    "subordinate_imu": {
        "ax": 1.4637583494186401,
        "ay": -0.21397820115089417,
        "az": -9.752095222473145,
        "gx": 0.001967487158253789,
        "gy": 0.0035266131162643433,
        "gz": -0.011248934082686901
    }
}
