{
    "category": "Vegetables",
    "challenge": [
        "real",
        "good"
    ],
    "comment": "multiple",
    "green_screen": "Yes",
    "master_imu": {
        "ax": 6.4093098640441895,
        "ay": 0.19202077388763428,
        "az": -7.369237899780273,
        "gx": -0.0019510863348841667,
        "gy": 0.00039393454790115356,
        "gz": 0.006651725620031357
    },
    "sequence": 586,
    "subcategory": "Carrot",
    "subordinate_imu": {
        "ax": 6.4321441650390625,
        "ay": 0.14812351763248444,
        "az": -7.49025297164917,
        "gx": 0.0025848099030554295,
        "gy": 0.00417185015976429,
        "gz": -0.0033157560974359512
    }
}
