{
    "category": "Vegetables",
    "challenge": [
        "real",
        "good"
    ],
    "comment": "multiple",
    "green_screen": "Yes",
    "master_imu": {
        "ax": 6.346616268157959,
        "ay": 0.2015572488307953,
        "az": -7.364226341247559,
        "gx": 0.002228108234703541,
        "gy": -0.002098195254802704,
        "gz": 0.013887878507375717
    },
    "sequence": 587,
    "subcategory": "Carrot",
    "subordinate_imu": {
        "ax": 6.374809741973877,
        "ay": 0.1671612411737442,
        "az": -7.518744468688965,
        "gx": -0.0023055828642100096,
        "gy": 0.0016811806708574295,
        "gz": -0.005767461843788624
    }
}
