{
    "category": "Vegetables",
    "challenge": [
        "real",
        "good"
    ],
    "comment": "multiple",
    "green_screen": "Yes",
    "master_imu": {
        "ax": 6.390030384063721,
        "ay": 0.22520700097084045,
        "az": -7.378739833831787,
        "gx": -0.005006859079003334,
        "gy": 0.0009776018559932709,
        "gz": 0.010297716595232487
    },
    "sequence": 588,
    "subcategory": "Carrot",
    "subordinate_imu": {
        "ax": 6.355742931365967,
        "ay": 0.0814327597618103,
        "az": -7.566361427307129,
        "gx": -0.0004624531138688326,
        "gy": 0.0053940024226903915,
        "gz": -0.0039237141609191895
    }
}
