{
    "category": "Vegetables",
    "challenge": [
        "real",
        "good"
    ],
    "comment": "multiple",
    "green_screen": "Yes",
    "master_imu": {
        "ax": 6.409257411956787,
        "ay": 0.2157234251499176,
        "az": -7.359634876251221,
        "gx": -0.00499936006963253,
        "gy": -0.00024867430329322815,
        "gz": 0.008491035550832748
    },
    "sequence": 589,
    "subcategory": "Carrot",
    "subordinate_imu": {
        "ax": 6.384359836578369,
        "ay": 0.19095775485038757,
        "az": -7.5234832763671875,
        "gx": 0.0007501567015424371,
        "gy": 0.0029304493218660355,
        "gz": -0.003931148909032345
    }
}
