{
    "category": "Vegetables",
    "challenge": [
        "fake"
    ],
    "comment": "multiple",
    "green_screen": "Yes",
    "master_imu": {
        "ax": 6.438140869140625,
        "ay": 0.26309147477149963,
        "az": -7.3597025871276855,
        "gx": -0.005598386283963919,
        "gy": 0.0022176094353199005,
        "gz": 0.009086407721042633
    },
    "sequence": 590,
    "subcategory": "Carrot",
    "subordinate_imu": {
        "ax": 6.4321441650390625,
        "ay": 0.14812351763248444,
        "az": -7.49025297164917,
        "gx": 0.005027574487030506,
        "gy": 0.005404947325587273,
        "gz": -0.005750230513513088
    }
}
