{
    "category": "Vegetables",
    "challenge": [
        "fake"
    ],
    "comment": "multiple",
    "green_screen": "Yes",
    "master_imu": {
        "ax": 6.375715255737305,
        "ay": 0.18728403747081757,
        "az": -7.412271499633789,
        "gx": -0.0025783060118556023,
        "gy": -0.00024040043354034424,
        "gz": 0.009077591821551323
    },
    "sequence": 591,
    "subcategory": "Carrot",
    "subordinate_imu": {
        "ax": 6.432173728942871,
        "ay": 0.1385403871536255,
        "az": -7.561585426330566,
        "gx": 0.0013717948459088802,
        "gy": 0.006633361801505089,
        "gz": -0.003918374888598919
    }
}
