{
    "category": "Vegetables",
    "challenge": [
        "fake"
    ],
    "comment": "multiple",
    "green_screen": "Yes",
    "master_imu": {
        "ax": 6.438141822814941,
        "ay": 0.20622842013835907,
        "az": -7.3453569412231445,
        "gx": -0.001399722881615162,
        "gy": -0.0027237460017204285,
        "gz": 0.012104704044759274
    },
    "sequence": 592,
    "subcategory": "Carrot",
    "subordinate_imu": {
        "ax": 6.456048488616943,
        "ay": 0.13856931030750275,
        "az": -7.518799304962158,
        "gx": 0.0013661542907357216,
        "gy": 0.004176212474703789,
        "gz": -0.0008763466030359268
    }
}
