{
    "category": "Vegetables",
    "challenge": [
        "fake"
    ],
    "comment": "",
    "green_screen": "Yes",
    "master_imu": {
        "ax": 6.418834686279297,
        "ay": 0.21572695672512054,
        "az": -7.340491771697998,
        "gx": 0.0010509667918086052,
        "gy": 0.0016180835664272308,
        "gz": 0.011458458378911018
    },
    "sequence": 593,
    "subcategory": "Carrot",
    "subordinate_imu": {
        "ax": 6.408255577087402,
        "ay": 0.17666742205619812,
        "az": -7.523504257202148,
        "gx": 0.001975777791813016,
        "gy": 0.00478271022439003,
        "gz": -0.004534208215773106
    }
}
