{
    "category": "Vegetables",
    "challenge": [
        "fake"
    ],
    "comment": "",
    "green_screen": "Yes",
    "master_imu": {
        "ax": 6.394876003265381,
        "ay": 0.19676677882671356,
        "az": -7.3787736892700195,
        "gx": -0.0026229415088891983,
        "gy": -0.002121400088071823,
        "gz": 0.013923756778240204
    },
    "sequence": 594,
    "subcategory": "Carrot",
    "subordinate_imu": {
        "ax": 6.432165622711182,
        "ay": 0.16234423220157623,
        "az": -7.561564922332764,
        "gx": -0.001082984497770667,
        "gy": 0.002303849905729294,
        "gz": -0.005154536105692387
    }
}
