{
    "category": "Vegetables",
    "challenge": [
        "fake"
    ],
    "comment": "",
    "green_screen": "Yes",
    "master_imu": {
        "ax": 6.375646114349365,
        "ay": 0.19203534722328186,
        "az": -7.393092632293701,
        "gx": 0.0010109469294548035,
        "gy": -0.003955051302909851,
        "gz": 0.013302559033036232
    },
    "sequence": 595,
    "subcategory": "Carrot",
    "subordinate_imu": {
        "ax": 6.417839050292969,
        "ay": 0.13378854095935822,
        "az": -7.556829452514648,
        "gx": 0.002590154530480504,
        "gy": 0.006020316854119301,
        "gz": -0.003919626586139202
    }
}
