{
    "category": "Fruit",
    "challenge": [
        "real",
        "good",
        "rotten"
    ],
    "comment": "multiple",
    "green_screen": "Yes",
    "master_imu": {
        "ax": 1.393933653831482,
        "ay": -0.10830800235271454,
        "az": -9.605602264404297,
        "gx": 0.0016515795141458511,
        "gy": -0.003310736268758774,
        "gz": 0.009063207544386387
    },
    "sequence": 313,
    "subcategory": "Mandarin",
    "subordinate_imu": {
        "ax": 1.468524694442749,
        "ay": -0.2044377326965332,
        "az": -9.728314399719238,
        "gx": 0.00014223111793398857,
        "gy": 0.00415407121181488,
        "gz": -0.00636765081435442
    }
}
