{
    "category": "Vegetables",
    "challenge": [
        "real",
        "good"
    ],
    "comment": "",
    "green_screen": "Yes",
    "master_imu": {
        "ax": 6.399688243865967,
        "ay": 0.20624123513698578,
        "az": -7.3787841796875,
        "gx": -0.00196161400526762,
        "gy": 0.0028498172760009766,
        "gz": 0.00966059323400259
    },
    "sequence": 596,
    "subcategory": "Carrot",
    "subordinate_imu": {
        "ax": 6.403482913970947,
        "ay": 0.14335596561431885,
        "az": -7.509265899658203,
        "gx": 0.0013672604691237211,
        "gy": 0.004788968712091446,
        "gz": -0.002094394527375698
    }
}
