{
    "category": "Vegetables",
    "challenge": [
        "real",
        "good"
    ],
    "comment": "",
    "green_screen": "Yes",
    "master_imu": {
        "ax": 6.399687767028809,
        "ay": 0.22519557178020477,
        "az": -7.383565425872803,
        "gx": 0.0016485508531332016,
        "gy": -0.0020811371505260468,
        "gz": 0.010265394113957882
    },
    "sequence": 597,
    "subcategory": "Carrot",
    "subordinate_imu": {
        "ax": 6.37959098815918,
        "ay": 0.14812475442886353,
        "az": -7.509253025054932,
        "gx": 0.004415629431605339,
        "gy": 0.004179574549198151,
        "gz": -0.002704484388232231
    }
}
