{
    "category": "Vegetables",
    "challenge": [
        "real"
    ],
    "comment": "",
    "green_screen": "Yes",
    "master_imu": {
        "ax": 6.3706231117248535,
        "ay": 0.1825997680425644,
        "az": -7.330761909484863,
        "gx": -0.0044182888232171535,
        "gy": -0.0008805356919765472,
        "gz": 0.011512426659464836
    },
    "sequence": 598,
    "subcategory": "Carrot",
    "subordinate_imu": {
        "ax": 6.40825891494751,
        "ay": 0.1766592115163803,
        "az": -7.533013820648193,
        "gx": 0.0007445160299539566,
        "gy": 0.00047330185770988464,
        "gz": -0.0008891206234693527
    }
}
