{
    "category": "Vegetables",
    "challenge": [
        "real"
    ],
    "comment": "multiple",
    "green_screen": "Yes",
    "master_imu": {
        "ax": 6.404420852661133,
        "ay": 0.21573063731193542,
        "az": -7.354825496673584,
        "gx": -0.0031846873462200165,
        "gy": -0.0002432987093925476,
        "gz": 0.009082076139748096
    },
    "sequence": 599,
    "subcategory": "Carrot",
    "subordinate_imu": {
        "ax": 6.374835968017578,
        "ay": 0.11952891200780869,
        "az": -7.54731559753418,
        "gx": 0.00014344672672450542,
        "gy": 0.004160188138484955,
        "gz": -0.0045374855399131775
    }
}
