{
    "category": "Vegetables",
    "challenge": [
        "real",
        "good"
    ],
    "comment": "multiple",
    "green_screen": "Yes",
    "master_imu": {
        "ax": 6.404526233673096,
        "ay": 0.16832533478736877,
        "az": -7.374030113220215,
        "gx": -0.00258717592805624,
        "gy": -0.002094786614179611,
        "gz": 0.00908779725432396
    },
    "sequence": 601,
    "subcategory": "Carrot",
    "subordinate_imu": {
        "ax": 6.374798774719238,
        "ay": 0.16242921352386475,
        "az": -7.485463619232178,
        "gx": 0.001976292347535491,
        "gy": 0.004178108647465706,
        "gz": -0.0008759414777159691
    }
}
