{
    "category": "Vegetables",
    "challenge": [
        "real",
        "good"
    ],
    "comment": "multiple",
    "green_screen": "Yes",
    "master_imu": {
        "ax": 6.380277156829834,
        "ay": 0.18732768297195435,
        "az": -7.335585594177246,
        "gx": -0.008040279150009155,
        "gy": 0.001577906310558319,
        "gz": 0.010921233333647251
    },
    "sequence": 602,
    "subcategory": "Carrot",
    "subordinate_imu": {
        "ax": 6.370043754577637,
        "ay": 0.11956336349248886,
        "az": -7.509274005889893,
        "gx": 0.003206557361409068,
        "gy": 0.007268115878105164,
        "gz": -0.00025477074086666107
    }
}
