{
    "category": "Vegetables",
    "challenge": [
        "real",
        "good",
        "fake"
    ],
    "comment": "multiple",
    "green_screen": "Yes",
    "master_imu": {
        "ax": 6.380407333374023,
        "ay": 0.14939504861831665,
        "az": -7.364372730255127,
        "gx": -0.00196002796292305,
        "gy": 0.0003872811794281006,
        "gz": 0.007860715501010418
    },
    "sequence": 603,
    "subcategory": "Carrot",
    "subordinate_imu": {
        "ax": 6.40828800201416,
        "ay": 0.10523535311222076,
        "az": -7.547340393066406,
        "gx": 0.0038035744801163673,
        "gy": 0.0035608429461717606,
        "gz": -0.0027069514617323875
    }
}
