{
    "category": "Vegetables",
    "challenge": [
        "real",
        "good",
        "fake"
    ],
    "comment": "multiple",
    "green_screen": "Yes",
    "master_imu": {
        "ax": 6.399698257446289,
        "ay": 0.13989952206611633,
        "az": -7.364443778991699,
        "gx": 0.0016336245462298393,
        "gy": -0.0014763101935386658,
        "gz": 0.012679971754550934
    },
    "sequence": 604,
    "subcategory": "Carrot",
    "subordinate_imu": {
        "ax": 6.413033962249756,
        "ay": 0.1386083960533142,
        "az": -7.490253925323486,
        "gx": -0.00046013109385967255,
        "gy": 0.006012877449393272,
        "gz": -0.003311597742140293
    }
}
