{
    "category": "Vegetables",
    "challenge": [
        "real",
        "good",
        "fake"
    ],
    "comment": "multiple",
    "green_screen": "Yes",
    "master_imu": {
        "ax": 6.4236626625061035,
        "ay": 0.2441527545452118,
        "az": -7.350078582763672,
        "gx": -0.0001305006444454193,
        "gy": 0.0016355663537979126,
        "gz": 0.007235962897539139
    },
    "sequence": 605,
    "subcategory": "Carrot",
    "subordinate_imu": {
        "ax": 6.417819499969482,
        "ay": 0.13383370637893677,
        "az": -7.504523754119873,
        "gx": -0.00046053645201027393,
        "gy": 0.0060108378529548645,
        "gz": -0.003921652212738991
    }
}
