{
    "category": "Vegetables",
    "challenge": [
        "real",
        "good",
        "fake"
    ],
    "comment": "multiple",
    "green_screen": "Yes",
    "master_imu": {
        "ax": 6.3852219581604,
        "ay": 0.22994756698608398,
        "az": -7.383513927459717,
        "gx": -0.0001587672159075737,
        "gy": 0.0003826729953289032,
        "gz": 0.010265241377055645
    },
    "sequence": 606,
    "subcategory": "Carrot",
    "subordinate_imu": {
        "ax": 6.403491020202637,
        "ay": 0.12430877983570099,
        "az": -7.514036655426025,
        "gx": 0.00136099592782557,
        "gy": 0.003543063998222351,
        "gz": -0.005758845247328281
    }
}
