{
    "category": "Fruit",
    "challenge": [
        "real",
        "good",
        "rotten"
    ],
    "comment": "multiple",
    "green_screen": "Yes",
    "master_imu": {
        "ax": 1.3456982374191284,
        "ay": -0.13195355236530304,
        "az": -9.591073036193848,
        "gx": -0.0037834979593753815,
        "gy": -0.003320205956697464,
        "gz": 0.006081095430999994
    },
    "sequence": 314,
    "subcategory": "Mandarin",
    "subordinate_imu": {
        "ax": 1.439857006072998,
        "ay": -0.2044321894645691,
        "az": -9.733057975769043,
        "gx": 0.0031950571574270725,
        "gy": 0.0035671014338731766,
        "gz": -0.0002671387046575546
    }
}
