{
    "category": "Vegetables",
    "challenge": [
        "real",
        "good",
        "fake"
    ],
    "comment": "multiple",
    "green_screen": "Yes",
    "master_imu": {
        "ax": 6.380223751068115,
        "ay": 0.21103033423423767,
        "az": -7.325983047485352,
        "gx": -0.000771133229136467,
        "gy": 0.0009912513196468353,
        "gz": 0.01147531345486641
    },
    "sequence": 607,
    "subcategory": "Carrot",
    "subordinate_imu": {
        "ax": 6.417826175689697,
        "ay": 0.12906062602996826,
        "az": -7.51879358291626,
        "gx": 0.00014153006486594677,
        "gy": 0.0035433508455753326,
        "gz": -0.004539547488093376
    }
}
