{
    "category": "Vegetables",
    "challenge": [
        "real",
        "good",
        "fake"
    ],
    "comment": "multiple",
    "green_screen": "Yes",
    "master_imu": {
        "ax": 6.423733711242676,
        "ay": 0.14462973177433014,
        "az": -7.345346450805664,
        "gx": -0.0025560250505805016,
        "gy": 0.0016239657998085022,
        "gz": 0.007253902032971382
    },
    "sequence": 608,
    "subcategory": "Carrot",
    "subordinate_imu": {
        "ax": 6.436934471130371,
        "ay": 0.14809316396713257,
        "az": -7.5235395431518555,
        "gx": 0.001370798097923398,
        "gy": 0.005413960665464401,
        "gz": 0.00034788530319929123
    }
}
