{
    "category": "Vegetables",
    "challenge": [
        "real",
        "good",
        "fake"
    ],
    "comment": "multiple",
    "green_screen": "Yes",
    "master_imu": {
        "ax": 6.385210990905762,
        "ay": 0.18730252981185913,
        "az": -7.36915922164917,
        "gx": -0.0001676362007856369,
        "gy": -0.0014717057347297668,
        "gz": 0.010275445878505707
    },
    "sequence": 609,
    "subcategory": "Carrot",
    "subordinate_imu": {
        "ax": 6.427355766296387,
        "ay": 0.16241973638534546,
        "az": -7.475973606109619,
        "gx": 0.001350711565464735,
        "gy": -0.00015183165669441223,
        "gz": -0.003941050730645657
    }
}
