{
    "category": "Vegetables",
    "challenge": [
        "real",
        "good",
        "fake"
    ],
    "comment": "multiple",
    "green_screen": "Yes",
    "master_imu": {
        "ax": 6.37554407119751,
        "ay": 0.23470130562782288,
        "az": -7.3738908767700195,
        "gx": -0.0014011655002832413,
        "gy": -0.0039566755294799805,
        "gz": 0.011507012881338596
    },
    "sequence": 610,
    "subcategory": "Carrot",
    "subordinate_imu": {
        "ax": 6.408265113830566,
        "ay": 0.148102805018425,
        "az": -7.523529052734375,
        "gx": -0.0016876687295734882,
        "gy": 0.0035437792539596558,
        "gz": -0.0027105985209345818
    }
}
