{
    "category": "Vegetables",
    "challenge": [
        "real",
        "good",
        "fake"
    ],
    "comment": "multiple",
    "green_screen": "Yes",
    "master_imu": {
        "ax": 6.433490753173828,
        "ay": 0.215678408741951,
        "az": -7.398066997528076,
        "gx": 0.001670760102570057,
        "gy": 0.0016309618949890137,
        "gz": 0.009640488773584366
    },
    "sequence": 611,
    "subcategory": "Carrot",
    "subordinate_imu": {
        "ax": 6.370051860809326,
        "ay": 0.09575951844453812,
        "az": -7.509294509887695,
        "gx": 0.004420974291861057,
        "gy": 0.006028043106198311,
        "gz": -0.0033083558082580566
    }
}
