{
    "category": "Fruit",
    "challenge": [
        "real",
        "good",
        "rotten"
    ],
    "comment": "multiple",
    "green_screen": "Yes",
    "master_imu": {
        "ax": 1.360216498374939,
        "ay": -0.10354511439800262,
        "az": -9.615073204040527,
        "gx": -0.002555953338742256,
        "gy": -0.0002237670123577118,
        "gz": 0.006055117584764957
    },
    "sequence": 315,
    "subcategory": "Mandarin",
    "subordinate_imu": {
        "ax": 1.4303244352340698,
        "ay": -0.2330264151096344,
        "az": -9.7711181640625,
        "gx": 0.000749642145819962,
        "gy": 0.0035350527614355087,
        "gz": -0.007589415647089481
    }
}
