{
    "category": "Fruit",
    "challenge": [
        "real",
        "good",
        "rotten"
    ],
    "comment": "multiple",
    "green_screen": "Yes",
    "master_imu": {
        "ax": 1.3795480728149414,
        "ay": -0.10357095301151276,
        "az": -9.629520416259766,
        "gx": -0.0007189996540546417,
        "gy": 0.0016459748148918152,
        "gz": 0.004822468385100365
    },
    "sequence": 316,
    "subcategory": "Mandarin",
    "subordinate_imu": {
        "ax": 1.4350788593292236,
        "ay": -0.20443058013916016,
        "az": -9.73305606842041,
        "gx": 0.0007570128655061126,
        "gy": 0.00539371557533741,
        "gz": -0.005143013782799244
    }
}
