{
    "category": "Fruit",
    "challenge": [
        "real",
        "rotten",
        "good"
    ],
    "comment": "multiple",
    "green_screen": "Yes",
    "master_imu": {
        "ax": 1.3844704627990723,
        "ay": -0.12728680670261383,
        "az": -9.653520584106445,
        "gx": 0.001635211519896984,
        "gy": -0.003938846290111542,
        "gz": 0.010880094021558762
    },
    "sequence": 317,
    "subcategory": "Mandarin",
    "subordinate_imu": {
        "ax": 1.46851646900177,
        "ay": -0.19014719128608704,
        "az": -9.718791007995605,
        "gx": 0.0007539900252595544,
        "gy": 0.004164122045040131,
        "gz": -0.003927025943994522
    }
}
