{
    "category": "Fruit",
    "challenge": [
        "real",
        "rotten",
        "good"
    ],
    "comment": "multiple",
    "green_screen": "Yes",
    "master_imu": {
        "ax": 1.3843934535980225,
        "ay": -0.11305685341358185,
        "az": -9.6343355178833,
        "gx": -0.0025856615975499153,
        "gy": -0.0027095861732959747,
        "gz": 0.008486703969538212
    },
    "sequence": 318,
    "subcategory": "Mandarin",
    "subordinate_imu": {
        "ax": 1.482864260673523,
        "ay": -0.2139681875705719,
        "az": -9.733081817626953,
        "gx": 0.0007433004211634398,
        "gy": 0.0004671849310398102,
        "gz": -0.0027192849665880203
    }
}
