{
    "category": "Fruit",
    "challenge": [
        "real",
        "rotten",
        "good"
    ],
    "comment": "multiple",
    "green_screen": "Yes",
    "master_imu": {
        "ax": 1.384297251701355,
        "ay": -0.15094761550426483,
        "az": -9.596009254455566,
        "gx": -0.0007709888741374016,
        "gy": -0.002704210579395294,
        "gz": 0.00907774455845356
    },
    "sequence": 319,
    "subcategory": "Mandarin",
    "subordinate_imu": {
        "ax": 1.4589691162109375,
        "ay": -0.17589449882507324,
        "az": -9.756814956665039,
        "gx": -0.002912807511165738,
        "gy": 0.003515522927045822,
        "gz": -0.010032064281404018
    }
}
