{
    "category": "Fruit",
    "challenge": [
        "real",
        "rotten",
        "good"
    ],
    "comment": "multiple",
    "green_screen": "Yes",
    "master_imu": {
        "ax": 1.398729920387268,
        "ay": -0.09883053600788116,
        "az": -9.600818634033203,
        "gx": 0.0010674800723791122,
        "gy": -0.0014492683112621307,
        "gz": 0.007244002539664507
    },
    "sequence": 320,
    "subcategory": "Mandarin",
    "subordinate_imu": {
        "ax": 1.5210974216461182,
        "ay": -0.20448413491249084,
        "az": -9.761617660522461,
        "gx": 0.0037974193692207336,
        "gy": 0.0017082970589399338,
        "gz": -0.0033231908455491066
    }
}
