{
    "category": "Fruit",
    "challenge": [
        "real",
        "rotten",
        "good"
    ],
    "comment": "multiple",
    "green_screen": "Yes",
    "master_imu": {
        "ax": 1.4083184003829956,
        "ay": -0.07513631880283356,
        "az": -9.591249465942383,
        "gx": 0.001654607243835926,
        "gy": -0.004540339112281799,
        "gz": 0.007861021906137466
    },
    "sequence": 321,
    "subcategory": "Mandarin",
    "subordinate_imu": {
        "ax": 1.463741660118103,
        "ay": -0.18539714813232422,
        "az": -9.733050346374512,
        "gx": 0.0025863212067633867,
        "gy": 0.004786644130945206,
        "gz": -0.00392374861985445
    }
}
