{
    "category": "Fruit",
    "challenge": [
        "real",
        "rotten"
    ],
    "comment": "",
    "green_screen": "Yes",
    "master_imu": {
        "ax": 1.4181549549102783,
        "ay": -0.11308936774730682,
        "az": -9.639244079589844,
        "gx": -0.0001810481771826744,
        "gy": -0.0014816857874393463,
        "gz": 0.012088931165635586
    },
    "sequence": 285,
    "subcategory": "Lemon",
    "subordinate_imu": {
        "ax": 1.4541975259780884,
        "ay": -0.19017931818962097,
        "az": -9.761580467224121,
        "gx": 0.0007447025272995234,
        "gy": 0.0016886219382286072,
        "gz": -0.006375490687787533
    }
}
