{
    "category": "Fruit",
    "challenge": [
        "real",
        "rotten",
        "good"
    ],
    "comment": "multiple",
    "green_screen": "Yes",
    "master_imu": {
        "ax": 1.4084374904632568,
        "ay": -0.1557139903306961,
        "az": -9.605681419372559,
        "gx": -0.0001586945727467537,
        "gy": -0.0014650523662567139,
        "gz": 0.00906645692884922
    },
    "sequence": 322,
    "subcategory": "Mandarin",
    "subordinate_imu": {
        "ax": 1.4589569568634033,
        "ay": -0.171109139919281,
        "az": -9.72828197479248,
        "gx": -0.0016891800332814455,
        "gy": 0.0029289834201335907,
        "gz": -0.002102605067193508
    }
}
