{
    "category": "Fruit",
    "challenge": [
        "real",
        "rotten",
        "good",
        "fake"
    ],
    "comment": "multiple",
    "green_screen": "Yes",
    "master_imu": {
        "ax": 1.3987717628479004,
        "ay": -0.16517822444438934,
        "az": -9.596067428588867,
        "gx": 0.004661204293370247,
        "gy": -0.005160599946975708,
        "gz": 0.01086447387933731
    },
    "sequence": 323,
    "subcategory": "Mandarin",
    "subordinate_imu": {
        "ax": 1.4494292736053467,
        "ay": -0.2092290222644806,
        "az": -9.77110481262207,
        "gx": -0.00046750204637646675,
        "gy": 0.004154214635491371,
        "gz": -0.0057579996064305305
    }
}
