{
    "category": "Fruit",
    "challenge": [
        "real",
        "rotten",
        "good",
        "fake"
    ],
    "comment": "multiple",
    "green_screen": "Yes",
    "master_imu": {
        "ax": 1.3939220905303955,
        "ay": -0.13199873268604279,
        "az": -9.596030235290527,
        "gx": -0.002594531513750553,
        "gy": -0.004563968628644943,
        "gz": 0.008496909402310848
    },
    "sequence": 324,
    "subcategory": "Mandarin",
    "subordinate_imu": {
        "ax": 1.4446576833724976,
        "ay": -0.22351381182670593,
        "az": -9.775871276855469,
        "gx": -0.0004673155490309,
        "gy": 0.005369538441300392,
        "gz": -0.011244370602071285
    }
}
