{
    "category": "Fruit",
    "challenge": [
        "real",
        "rotten",
        "good",
        "fake"
    ],
    "comment": "multiple",
    "green_screen": "Yes",
    "master_imu": {
        "ax": 1.393897533416748,
        "ay": -0.12251703441143036,
        "az": -9.591230392456055,
        "gx": 0.00045518577098846436,
        "gy": -0.0026884302496910095,
        "gz": 0.007255290634930134
    },
    "sequence": 325,
    "subcategory": "Mandarin",
    "subordinate_imu": {
        "ax": 1.4828439950942993,
        "ay": -0.19013556838035583,
        "az": -9.699776649475098,
        "gx": 0.0013536250917240977,
        "gy": 0.0016844011843204498,
        "gz": -0.008205248974263668
    }
}
