{
    "category": "Fruit",
    "challenge": [
        "real",
        "rotten",
        "good",
        "fake"
    ],
    "comment": "multiple",
    "green_screen": "Yes",
    "master_imu": {
        "ax": 1.3698875904083252,
        "ay": -0.1556832641363144,
        "az": -9.610344886779785,
        "gx": 0.001058538444340229,
        "gy": -0.0014559216797351837,
        "gz": 0.00845299195498228
    },
    "sequence": 326,
    "subcategory": "Mandarin",
    "subordinate_imu": {
        "ax": 1.4541940689086914,
        "ay": -0.18541443347930908,
        "az": -9.756821632385254,
        "gx": -0.00047365715727210045,
        "gy": 0.0023016687482595444,
        "gz": -0.00637423899024725
    }
}
