{
    "category": "Fruit",
    "challenge": [
        "real",
        "rotten",
        "good",
        "fake"
    ],
    "comment": "multiple",
    "green_screen": "Yes",
    "master_imu": {
        "ax": 1.3552502393722534,
        "ay": -0.10351400077342987,
        "az": -9.571911811828613,
        "gx": -0.0007709180936217308,
        "gy": -0.00455193966627121,
        "gz": 0.007878960110247135
    },
    "sequence": 327,
    "subcategory": "Mandarin",
    "subordinate_imu": {
        "ax": 1.4398351907730103,
        "ay": -0.17108216881752014,
        "az": -9.704499244689941,
        "gx": 0.002574120182543993,
        "gy": 0.0004749130457639694,
        "gz": -0.0021080132573843002
    }
}
