{
    "category": "Fruit",
    "challenge": [
        "real",
        "rotten",
        "good",
        "fake"
    ],
    "comment": "multiple",
    "green_screen": "Yes",
    "master_imu": {
        "ax": 1.3602285385131836,
        "ay": -0.09880875051021576,
        "az": -9.619864463806152,
        "gx": 0.00044624414294958115,
        "gy": -0.0026950836181640625,
        "gz": 0.008464280515909195
    },
    "sequence": 328,
    "subcategory": "Mandarin",
    "subordinate_imu": {
        "ax": 1.4112035036087036,
        "ay": -0.21397283673286438,
        "az": -9.766340255737305,
        "gx": 0.005022229626774788,
        "gy": 0.0035564787685871124,
        "gz": -0.005146360956132412
    }
}
