{
    "category": "Fruit",
    "challenge": [
        "real",
        "rotten",
        "good",
        "fake",
        "mirror"
    ],
    "comment": "multiple",
    "green_screen": "Yes",
    "master_imu": {
        "ax": 1.4275903701782227,
        "ay": -0.11779822409152985,
        "az": -9.576959609985352,
        "gx": -0.002579605206847191,
        "gy": -0.005168791860342026,
        "gz": 0.006082331761717796
    },
    "sequence": 329,
    "subcategory": "Mandarin",
    "subordinate_imu": {
        "ax": 1.439862847328186,
        "ay": -0.19017449021339417,
        "az": -9.761575698852539,
        "gx": 0.0044096605852246284,
        "gy": 0.0035423506051301956,
        "gz": -0.008807091973721981
    }
}
