{
    "category": "Fruit",
    "challenge": [
        "real",
        "rotten",
        "good",
        "fake",
        "mirror"
    ],
    "comment": "multiple",
    "green_screen": "Yes",
    "master_imu": {
        "ax": 1.418066143989563,
        "ay": -0.12255008518695831,
        "az": -9.61048698425293,
        "gx": 0.001048155128955841,
        "gy": -0.002695508301258087,
        "gz": 0.009064290672540665
    },
    "sequence": 330,
    "subcategory": "Mandarin",
    "subordinate_imu": {
        "ax": 1.4494212865829468,
        "ay": -0.18542516231536865,
        "az": -9.77108383178711,
        "gx": 0.000135561334900558,
        "gy": 0.0029061269015073776,
        "gz": -0.010642155073583126
    }
}
