{
    "category": "Fruit",
    "challenge": [
        "real",
        "rotten",
        "good",
        "fake",
        "mirror"
    ],
    "comment": "multiple",
    "green_screen": "Yes",
    "master_imu": {
        "ax": 1.4036482572555542,
        "ay": -0.11780707538127899,
        "az": -9.62481689453125,
        "gx": 0.0064981598407030106,
        "gy": -0.0032908618450164795,
        "gz": 0.009631825610995293
    },
    "sequence": 331,
    "subcategory": "Mandarin",
    "subordinate_imu": {
        "ax": 1.4542087316513062,
        "ay": -0.22350472211837769,
        "az": -9.76161003112793,
        "gx": 0.0007503431988880038,
        "gy": 0.0041457731276750565,
        "gz": -0.009417516179382801
    }
}
