{
    "category": "Fruit",
    "challenge": [
        "rotten",
        "real"
    ],
    "comment": "",
    "green_screen": "Yes",
    "master_imu": {
        "ax": 1.393951416015625,
        "ay": -0.18412835896015167,
        "az": -9.591268539428711,
        "gx": -0.0007457509636878967,
        "gy": -0.00022171810269355774,
        "gz": 0.007250653114169836
    },
    "sequence": 286,
    "subcategory": "Lemon",
    "subordinate_imu": {
        "ax": 1.5019772052764893,
        "ay": -0.20921793580055237,
        "az": -9.737839698791504,
        "gx": -0.002912807511165738,
        "gy": 0.003515522927045822,
        "gz": -0.010032064281404018
    }
}
