{
    "category": "Fruit",
    "challenge": [
        "real",
        "rotten",
        "good",
        "fake",
        "mirror"
    ],
    "comment": "multiple",
    "green_screen": "Yes",
    "master_imu": {
        "ax": 1.3552833795547485,
        "ay": -0.14142869412899017,
        "az": -9.571935653686523,
        "gx": 0.005277965217828751,
        "gy": -0.0039181187748909,
        "gz": 0.010248690843582153
    },
    "sequence": 332,
    "subcategory": "Mandarin,Lemon",
    "subordinate_imu": {
        "ax": 1.4637433290481567,
        "ay": -0.1901579201221466,
        "az": -9.733054161071777,
        "gx": 0.0013562428066506982,
        "gy": 0.0029119588434696198,
        "gz": -0.010031289421021938
    }
}
