{
    "category": "Fruit",
    "challenge": [
        "real",
        "rotten",
        "good",
        "fake",
        "mirror"
    ],
    "comment": "multiple",
    "green_screen": "Yes",
    "master_imu": {
        "ax": 1.4182398319244385,
        "ay": -0.1178436428308487,
        "az": -9.663216590881348,
        "gx": 0.0016664331778883934,
        "gy": -0.002067830413579941,
        "gz": 0.00784741435199976
    },
    "sequence": 333,
    "subcategory": "Mandarin,Lemon",
    "subordinate_imu": {
        "ax": 1.444655418395996,
        "ay": -0.2330230176448822,
        "az": -9.761613845825195,
        "gx": 0.0038038701750338078,
        "gy": 0.00416952557861805,
        "gz": -0.005145109258592129
    }
}
