{
    "category": "Fruit",
    "challenge": [
        "real",
        "rotten",
        "good",
        "fake",
        "mirror"
    ],
    "comment": "multiple",
    "green_screen": "Yes",
    "master_imu": {
        "ax": 1.4084084033966064,
        "ay": -0.12253864109516144,
        "az": -9.605660438537598,
        "gx": -0.00319060031324625,
        "gy": -0.0014795511960983276,
        "gz": 0.009088879451155663
    },
    "sequence": 334,
    "subcategory": "Mandarin,Lemon",
    "subordinate_imu": {
        "ax": 1.4828506708145142,
        "ay": -0.14733794331550598,
        "az": -9.756799697875977,
        "gx": 0.0001452540745958686,
        "gy": 0.00538366474211216,
        "gz": -0.007583635859191418
    }
}
