{
    "category": "Fruit",
    "challenge": [
        "real",
        "rotten",
        "good",
        "fake",
        "mirror"
    ],
    "comment": "multiple",
    "green_screen": "Yes",
    "master_imu": {
        "ax": 1.3651542663574219,
        "ay": -0.08935527503490448,
        "az": -9.65343189239502,
        "gx": -0.0013772984966635704,
        "gy": -0.0045548416674137115,
        "gz": 0.007883445359766483
    },
    "sequence": 335,
    "subcategory": "Mandarin,Lemon,Kettle",
    "subordinate_imu": {
        "ax": 1.4589897394180298,
        "ay": -0.24729788303375244,
        "az": -9.747367858886719,
        "gx": 0.00012829992920160294,
        "gy": 0.0004408247768878937,
        "gz": -0.0100403456017375
    }
}
