{
    "category": "Fruit",
    "challenge": [
        "real",
        "rotten",
        "good",
        "fake",
        "mirror"
    ],
    "comment": "multiple",
    "green_screen": "Yes",
    "master_imu": {
        "ax": 1.355473279953003,
        "ay": -0.13672523200511932,
        "az": -9.629460334777832,
        "gx": -0.0032068975269794464,
        "gy": -0.00395539402961731,
        "gz": 0.009706981480121613
    },
    "sequence": 336,
    "subcategory": "Mandarin,Lemon,Kettle",
    "subordinate_imu": {
        "ax": 1.463765263557434,
        "ay": -0.21875128149986267,
        "az": -9.766364097595215,
        "gx": 0.0007503431988880038,
        "gy": 0.0041457731276750565,
        "gz": -0.009417516179382801
    }
}
