{
    "category": "Fruit",
    "challenge": [
        "real",
        "rotten",
        "good",
        "fake",
        "mirror"
    ],
    "comment": "multiple",
    "green_screen": "Yes",
    "master_imu": {
        "ax": 1.393958568572998,
        "ay": -0.13674400746822357,
        "az": -9.605620384216309,
        "gx": 0.004680529236793518,
        "gy": -0.00391436368227005,
        "gz": 0.00904418621212244
    },
    "sequence": 337,
    "subcategory": "Mandarin,Lemon,Kettle",
    "subordinate_imu": {
        "ax": 1.4733190536499023,
        "ay": -0.19496291875839233,
        "az": -9.78061294555664,
        "gx": 0.000141825876198709,
        "gy": 0.0041520316153764725,
        "gz": -0.006977704353630543
    }
}
