{
    "category": "Fruit",
    "challenge": [
        "rotten",
        "real",
        "fake",
        "good"
    ],
    "comment": "multiple",
    "green_screen": "Yes",
    "master_imu": {
        "ax": 1.3940393924713135,
        "ay": -0.1367589682340622,
        "az": -9.629590034484863,
        "gx": 0.004089001566171646,
        "gy": -0.0026743561029434204,
        "gz": 0.007832877337932587
    },
    "sequence": 338,
    "subcategory": "Mandarin,Lemon",
    "subordinate_imu": {
        "ax": 1.4828530550003052,
        "ay": -0.18064281344413757,
        "az": -9.733053207397461,
        "gx": 0.0001491967123001814,
        "gy": 0.006010694429278374,
        "gz": -0.004531301558017731
    }
}
