{
    "category": "Fruit",
    "challenge": [
        "rotten",
        "real",
        "fake",
        "good"
    ],
    "comment": "multiple",
    "green_screen": "Yes",
    "master_imu": {
        "ax": 1.4038435220718384,
        "ay": -0.17470596730709076,
        "az": -9.667996406555176,
        "gx": -0.0037581874057650566,
        "gy": -0.0026854462921619415,
        "gz": 0.003055218607187271
    },
    "sequence": 339,
    "subcategory": "Mandarin,Lemon",
    "subordinate_imu": {
        "ax": 1.4303096532821655,
        "ay": -0.19969281554222107,
        "az": -9.761580467224121,
        "gx": -0.00046768831089138985,
        "gy": 0.00293889082968235,
        "gz": -0.0002716314047574997
    }
}
