{
    "category": "Fruit",
    "challenge": [
        "rotten",
        "real",
        "fake",
        "good"
    ],
    "comment": "multiple",
    "green_screen": "Yes",
    "master_imu": {
        "ax": 1.3939990997314453,
        "ay": -0.14622865617275238,
        "az": -9.615213394165039,
        "gx": -0.00013785623013973236,
        "gy": -0.0008336231112480164,
        "gz": 0.006645075045526028
    },
    "sequence": 340,
    "subcategory": "Mandarin,Lemon",
    "subordinate_imu": {
        "ax": 1.4876388311386108,
        "ay": -0.21871823072433472,
        "az": -9.718822479248047,
        "gx": -0.0010795565322041512,
        "gy": 0.003535481169819832,
        "gz": -0.0057604676112532616
    }
}
