{
    "category": "Fruit",
    "challenge": [
        "rotten",
        "real",
        "fake",
        "good"
    ],
    "comment": "multiple",
    "green_screen": "Yes",
    "master_imu": {
        "ax": 1.427667498588562,
        "ay": -0.1320282369852066,
        "az": -9.59614372253418,
        "gx": 0.002232794649899006,
        "gy": -0.007638059556484222,
        "gz": 0.0096870306879282
    },
    "sequence": 341,
    "subcategory": "Mandarin,Lemon",
    "subordinate_imu": {
        "ax": 1.4685174226760864,
        "ay": -0.20917797088623047,
        "az": -9.70454216003418,
        "gx": 0.0025797607377171516,
        "gy": 0.0029320605099201202,
        "gz": -0.0051500434055924416
    }
}
