{
    "category": "Fruit",
    "challenge": [
        "rotten",
        "real"
    ],
    "comment": "",
    "green_screen": "Yes",
    "master_imu": {
        "ax": 1.3938814401626587,
        "ay": -0.12251405417919159,
        "az": -9.58643627166748,
        "gx": -0.001939116045832634,
        "gy": -0.000829014927148819,
        "gz": 0.004240549635142088
    },
    "sequence": 287,
    "subcategory": "Lemon",
    "subordinate_imu": {
        "ax": 1.4589885473251343,
        "ay": -0.228267103433609,
        "az": -9.761615753173828,
        "gx": -0.0010833898559212685,
        "gy": 0.002301810309290886,
        "gz": -0.00576458964496851
    }
}
