{
    "category": "Fruit",
    "challenge": [
        "rotten",
        "real",
        "fake",
        "good"
    ],
    "comment": "multiple",
    "green_screen": "Yes",
    "master_imu": {
        "ax": 1.369863510131836,
        "ay": -0.16515590250492096,
        "az": -9.600762367248535,
        "gx": -0.002584218978881836,
        "gy": -0.0014766529202461243,
        "gz": 0.009084395132958889
    },
    "sequence": 342,
    "subcategory": "Mandarin,Lemon",
    "subordinate_imu": {
        "ax": 1.5067728757858276,
        "ay": -0.2235306203365326,
        "az": -9.771138191223145,
        "gx": 0.0007504525128751993,
        "gy": 0.0035391300916671753,
        "gz": -0.006369306705892086
    }
}
