{
    "category": "Fruit",
    "challenge": [
        "rotten",
        "real",
        "fake",
        "good"
    ],
    "comment": "multiple",
    "green_screen": "Yes",
    "master_imu": {
        "ax": 1.33122718334198,
        "ay": -0.103507861495018,
        "az": -9.59580135345459,
        "gx": -0.0001363418996334076,
        "gy": -0.0014484189450740814,
        "gz": 0.0060439822264015675
    },
    "sequence": 343,
    "subcategory": "Mandarin,Lemon",
    "subordinate_imu": {
        "ax": 1.492429494857788,
        "ay": -0.2139919102191925,
        "az": -9.756860733032227,
        "gx": 0.0007485358510166407,
        "gy": 0.0029222946614027023,
        "gz": -0.0063713667914271355
    }
}
