{
    "category": "Fruit",
    "challenge": [
        "sliced",
        "good",
        "real"
    ],
    "comment": "bowl",
    "green_screen": "Yes",
    "master_imu": {
        "ax": 1.3504945039749146,
        "ay": -0.12247608602046967,
        "az": -9.586289405822754,
        "gx": -0.0013387920334935188,
        "gy": 0.0016330927610397339,
        "gz": 0.00664043752476573
    },
    "sequence": 344,
    "subcategory": "Lemon",
    "subordinate_imu": {
        "ax": 1.4733046293258667,
        "ay": -0.20444342494010925,
        "az": -9.733070373535156,
        "gx": 0.003189197974279523,
        "gy": 0.002323238179087639,
        "gz": -0.0033215349540114403
    }
}
