{
    "category": "Fruit",
    "challenge": [
        "sliced",
        "good",
        "real"
    ],
    "comment": "bowl",
    "green_screen": "Yes",
    "master_imu": {
        "ax": 1.4035115242004395,
        "ay": -0.14621315896511078,
        "az": -9.576895713806152,
        "gx": -0.004410789348185062,
        "gy": -0.0021068118512630463,
        "gz": 0.009705745615065098
    },
    "sequence": 345,
    "subcategory": "Lemon",
    "subordinate_imu": {
        "ax": 1.4398540258407593,
        "ay": -0.19015395641326904,
        "az": -9.737800598144531,
        "gx": 0.00013305305037647486,
        "gy": 0.0010719317942857742,
        "gz": -0.005767901428043842
    }
}
