{
    "category": "Fruit",
    "challenge": [
        "sliced",
        "good",
        "real"
    ],
    "comment": "bowl",
    "green_screen": "Yes",
    "master_imu": {
        "ax": 1.3939502239227295,
        "ay": -0.1272653192281723,
        "az": -9.60561466217041,
        "gx": -0.0007649324834346771,
        "gy": -0.005163416266441345,
        "gz": 0.006673372350633144
    },
    "sequence": 346,
    "subcategory": "Lemon",
    "subordinate_imu": {
        "ax": 1.4637351036071777,
        "ay": -0.17111074924468994,
        "az": -9.728283882141113,
        "gx": -0.0010752084199339151,
        "gy": 0.004164552316069603,
        "gz": -0.0020980769768357277
    }
}
