{
    "category": "Fruit",
    "challenge": [
        "sliced",
        "good",
        "real"
    ],
    "comment": "multiple",
    "green_screen": "Yes",
    "master_imu": {
        "ax": 1.3844020366668701,
        "ay": -0.1414898782968521,
        "az": -9.629560470581055,
        "gx": 0.00045071449130773544,
        "gy": -0.002691756933927536,
        "gz": 0.007859786041080952
    },
    "sequence": 347,
    "subcategory": "Lemon",
    "subordinate_imu": {
        "ax": 1.4398555755615234,
        "ay": -0.19491472840309143,
        "az": -9.737804412841797,
        "gx": 0.0025819733273237944,
        "gy": 0.004157578572630882,
        "gz": -0.007586137391626835
    }
}
