{
    "category": "Fruit",
    "challenge": [
        "sliced",
        "good",
        "real"
    ],
    "comment": "multiple",
    "green_screen": "Yes",
    "master_imu": {
        "ax": 1.3890560865402222,
        "ay": -0.09881611168384552,
        "az": -9.591198921203613,
        "gx": 0.002255004830658436,
        "gy": -0.0039259642362594604,
        "gz": 0.009062124416232109
    },
    "sequence": 348,
    "subcategory": "Lemon",
    "subordinate_imu": {
        "ax": 1.4398399591445923,
        "ay": -0.18536445498466492,
        "az": -9.704511642456055,
        "gx": 0.002584919100627303,
        "gy": 0.0035652052611112595,
        "gz": -0.00026754382997751236
    }
}
