{
    "category": "Fruit",
    "challenge": [
        "sliced",
        "good",
        "real"
    ],
    "comment": "multiple",
    "green_screen": "Yes",
    "master_imu": {
        "ax": 1.393890142440796,
        "ay": -0.15094707906246185,
        "az": -9.581659317016602,
        "gx": -0.00011557433754205704,
        "gy": 0.00103074312210083,
        "gz": 0.004821385256946087
    },
    "sequence": 349,
    "subcategory": "Lemon",
    "subordinate_imu": {
        "ax": 1.4542136192321777,
        "ay": -0.23303034901618958,
        "az": -9.766372680664062,
        "gx": 0.0031911146361380816,
        "gy": 0.002940073609352112,
        "gz": -0.0033194730058312416
    }
}
