{
    "category": "Fruit",
    "challenge": [
        "sliced",
        "good",
        "real",
        "fake"
    ],
    "comment": "multiple",
    "green_screen": "Yes",
    "master_imu": {
        "ax": 1.403393268585205,
        "ay": -0.1035441905260086,
        "az": -9.552899360656738,
        "gx": 0.0016693901270627975,
        "gy": -0.0014496967196464539,
        "gz": 0.00784401223063469
    },
    "sequence": 350,
    "subcategory": "Lemon",
    "subordinate_imu": {
        "ax": 1.5115351676940918,
        "ay": -0.2187386155128479,
        "az": -9.733097076416016,
        "gx": 0.001368772005662322,
        "gy": 0.00540376640856266,
        "gz": -0.0027023879811167717
    }
}
