{
    "category": "Fruit",
    "challenge": [
        "sliced",
        "good",
        "real",
        "fake"
    ],
    "comment": "multiple",
    "green_screen": "Yes",
    "master_imu": {
        "ax": 1.403571605682373,
        "ay": -0.122531458735466,
        "az": -9.600850105285645,
        "gx": -0.002576792612671852,
        "gy": -0.0008552037179470062,
        "gz": 0.008476498536765575
    },
    "sequence": 351,
    "subcategory": "Lemon",
    "subordinate_imu": {
        "ax": 1.4828383922576904,
        "ay": -0.14730921387672424,
        "az": -9.723515510559082,
        "gx": -0.0016868582461029291,
        "gy": 0.0035478565841913223,
        "gz": -0.0014904895797371864
    }
}
