{
    "category": "Fruit",
    "challenge": [
        "rotten",
        "real"
    ],
    "comment": "",
    "green_screen": "Yes",
    "master_imu": {
        "ax": 1.4037208557128906,
        "ay": -0.10834334790706635,
        "az": -9.64877986907959,
        "gx": 0.002895709127187729,
        "gy": -0.005129382014274597,
        "gz": 0.003623989876359701
    },
    "sequence": 288,
    "subcategory": "Lemon",
    "subordinate_imu": {
        "ax": 1.4446229934692383,
        "ay": -0.15207764506340027,
        "az": -9.74728012084961,
        "gx": -0.0016847550868988037,
        "gy": 0.005380015820264816,
        "gz": -0.006974796764552593
    }
}
