{
    "category": "Fruit",
    "challenge": [
        "real",
        "fake",
        "good",
        "sliced"
    ],
    "comment": "multiple",
    "green_screen": "Yes",
    "master_imu": {
        "ax": 1.3796418905258179,
        "ay": -0.1367582529783249,
        "az": -9.648716926574707,
        "gx": -0.001362515613436699,
        "gy": -0.001464199274778366,
        "gz": 0.007866435684263706
    },
    "sequence": 352,
    "subcategory": "Lemon",
    "subordinate_imu": {
        "ax": 1.439875841140747,
        "ay": -0.22350400686264038,
        "az": -9.766359329223633,
        "gx": 0.0007494556484743953,
        "gy": 0.002319730818271637,
        "gz": -0.0021030446514487267
    }
}
