{
    "category": "Fruit",
    "challenge": [
        "fake"
    ],
    "comment": "",
    "green_screen": "Yes",
    "master_imu": {
        "ax": 1.422831416130066,
        "ay": -0.16992969810962677,
        "az": -9.581768989562988,
        "gx": -0.0001542242243885994,
        "gy": -0.0014617256820201874,
        "gz": 0.008461961522698402
    },
    "sequence": 353,
    "subcategory": "Lemon",
    "subordinate_imu": {
        "ax": 1.478096604347229,
        "ay": -0.2139911949634552,
        "az": -9.76161003112793,
        "gx": 0.0025858066510409117,
        "gy": 0.005391249433159828,
        "gz": -0.007582015357911587
    }
}
