{
    "category": "Fruit",
    "challenge": [
        "fake"
    ],
    "comment": "",
    "green_screen": "Yes",
    "master_imu": {
        "ax": 1.355347990989685,
        "ay": -0.14144064486026764,
        "az": -9.59111213684082,
        "gx": -0.0001407405361533165,
        "gy": -0.003299478441476822,
        "gz": 0.005449692718684673
    },
    "sequence": 354,
    "subcategory": "Lemon",
    "subordinate_imu": {
        "ax": 1.478093147277832,
        "ay": -0.2092263102531433,
        "az": -9.756851196289062,
        "gx": 0.0031918156892061234,
        "gy": 0.0035507921129465103,
        "gz": -0.0051475754007697105
    }
}
