{
    "category": "Fruit",
    "challenge": [
        "fake"
    ],
    "comment": "",
    "green_screen": "Yes",
    "master_imu": {
        "ax": 1.3746393918991089,
        "ay": -0.15093617141246796,
        "az": -9.591182708740234,
        "gx": 0.0010421695187687874,
        "gy": -0.00208403542637825,
        "gz": 0.010269878432154655
    },
    "sequence": 355,
    "subcategory": "Lemon",
    "subordinate_imu": {
        "ax": 1.4828397035598755,
        "ay": -0.20915403962135315,
        "az": -9.671262741088867,
        "gx": -0.0010795565322041512,
        "gy": 0.003535481169819832,
        "gz": -0.0057604676112532616
    }
}
