{
    "category": "Fruit",
    "challenge": [
        "good",
        "real"
    ],
    "comment": "",
    "green_screen": "Yes",
    "master_imu": {
        "ax": 1.3989417552947998,
        "ay": -0.17468677461147308,
        "az": -9.644011497497559,
        "gx": -0.003803038038313389,
        "gy": 0.000976748764514923,
        "gz": 0.011497736908495426
    },
    "sequence": 356,
    "subcategory": "Lemon",
    "subordinate_imu": {
        "ax": 1.4972081184387207,
        "ay": -0.2568076252937317,
        "az": -9.71885871887207,
        "gx": 0.0001325384946539998,
        "gy": 0.001676531508564949,
        "gz": -0.00942616630345583
    }
}
