{
    "category": "Fruit",
    "challenge": [
        "good",
        "real"
    ],
    "comment": "",
    "green_screen": "Yes",
    "master_imu": {
        "ax": 1.3747878074645996,
        "ay": -0.09883935749530792,
        "az": -9.648676872253418,
        "gx": -0.0025752782821655273,
        "gy": -0.0014699995517730713,
        "gz": 0.007875405251979828
    },
    "sequence": 357,
    "subcategory": "Lemon",
    "subordinate_imu": {
        "ax": 1.497188687324524,
        "ay": -0.20443502068519592,
        "az": -9.714059829711914,
        "gx": 0.001967300660908222,
        "gy": 0.0023112893104553223,
        "gz": -0.005762563087046146
    }
}
