{
    "category": "Fruit",
    "challenge": [
        "good",
        "real"
    ],
    "comment": "",
    "green_screen": "Yes",
    "master_imu": {
        "ax": 1.3649126291275024,
        "ay": -0.127219095826149,
        "az": -9.571959495544434,
        "gx": 0.0010854341089725494,
        "gy": -0.0032836943864822388,
        "gz": 0.00362723832949996
    },
    "sequence": 358,
    "subcategory": "Lemon",
    "subordinate_imu": {
        "ax": 1.5019742250442505,
        "ay": -0.1949397325515747,
        "az": -9.742582321166992,
        "gx": 0.0007385472999885678,
        "gy": -0.00016392208635807037,
        "gz": -0.006991728208959103
    }
}
