{
    "category": "Fruit",
    "challenge": [
        "good",
        "real",
        "sliced"
    ],
    "comment": "",
    "green_screen": "Yes",
    "master_imu": {
        "ax": 1.3987833261489868,
        "ay": -0.14148755371570587,
        "az": -9.605639457702637,
        "gx": 0.000416535884141922,
        "gy": -0.0051809027791023254,
        "gz": 0.01089586690068245
    },
    "sequence": 359,
    "subcategory": "Lemon",
    "subordinate_imu": {
        "ax": 1.4637832641601562,
        "ay": -0.2616063952445984,
        "az": -9.775911331176758,
        "gx": -0.002301048254594207,
        "gy": 0.0035255737602710724,
        "gz": -0.007591442205011845
    }
}
