{
    "category": "Fruit",
    "challenge": [
        "good",
        "real",
        "sliced"
    ],
    "comment": "",
    "green_screen": "Yes",
    "master_imu": {
        "ax": 1.3988032341003418,
        "ay": -0.1272755116224289,
        "az": -9.615218162536621,
        "gx": -0.005581873934715986,
        "gy": -0.0008497424423694611,
        "gz": 0.004871952347457409
    },
    "sequence": 360,
    "subcategory": "Lemon",
    "subordinate_imu": {
        "ax": 1.4589827060699463,
        "ay": -0.24252477288246155,
        "az": -9.733098030090332,
        "gx": 0.0001411248231306672,
        "gy": 0.0035413112491369247,
        "gz": -0.005149601958692074
    }
}
