{
    "category": "Fruit",
    "challenge": [
        "good",
        "real",
        "sliced"
    ],
    "comment": "",
    "green_screen": "Yes",
    "master_imu": {
        "ax": 1.3843449354171753,
        "ay": -0.11304788291454315,
        "az": -9.619954109191895,
        "gx": -0.0013178810477256775,
        "gy": 0.00041679292917251587,
        "gz": 0.0030202711932361126
    },
    "sequence": 361,
    "subcategory": "Lemon",
    "subordinate_imu": {
        "ax": 1.435074806213379,
        "ay": -0.16636493802070618,
        "az": -9.756797790527344,
        "gx": 0.0013705792371183634,
        "gy": 0.006627244874835014,
        "gz": -0.0057485392317175865
    }
}
