{
    "category": "Fruit",
    "challenge": [
        "good",
        "rotten",
        "real"
    ],
    "comment": "",
    "green_screen": "Yes",
    "master_imu": {
        "ax": 1.3989719152450562,
        "ay": -0.07992105185985565,
        "az": -9.677509307861328,
        "gx": -0.0031831013038754463,
        "gy": -0.002705831080675125,
        "gz": 0.0072821988724172115
    },
    "sequence": 289,
    "subcategory": "Lemon",
    "subordinate_imu": {
        "ax": 1.4972093105316162,
        "ay": -0.21875429153442383,
        "az": -9.756866455078125,
        "gx": -0.0029125118162482977,
        "gy": 0.004124205559492111,
        "gz": -0.01247022207826376
    }
}
