{
    "category": "Fruit",
    "challenge": [
        "good",
        "real",
        "sliced"
    ],
    "comment": "multiple",
    "green_screen": "Yes",
    "master_imu": {
        "ax": 1.4132614135742188,
        "ay": -0.12254886329174042,
        "az": -9.615263938903809,
        "gx": -0.004987390246242285,
        "gy": -0.0014716200530529022,
        "gz": 0.0060798595659434795
    },
    "sequence": 362,
    "subcategory": "Lemon",
    "subordinate_imu": {
        "ax": 1.4876582622528076,
        "ay": -0.21876341104507446,
        "az": -9.771126747131348,
        "gx": 0.0025905598886311054,
        "gy": 0.006022356450557709,
        "gz": -0.0033095721155405045
    }
}
