{
    "category": "Fruit",
    "challenge": [
        "good",
        "real",
        "sliced"
    ],
    "comment": "multiple",
    "green_screen": "Yes",
    "master_imu": {
        "ax": 1.4180711507797241,
        "ay": -0.16519807279109955,
        "az": -9.60092544555664,
        "gx": 0.0004565557464957237,
        "gy": 0.000392228364944458,
        "gz": 0.009051766246557236
    },
    "sequence": 363,
    "subcategory": "Lemon",
    "subordinate_imu": {
        "ax": 1.482864260673523,
        "ay": -0.2139681875705719,
        "az": -9.733081817626953,
        "gx": 0.00014425721019506454,
        "gy": 0.004164265468716621,
        "gz": -0.003317376598715782
    }
}
