{
    "category": "Fruit",
    "challenge": [
        "good",
        "real",
        "sliced"
    ],
    "comment": "multiple",
    "green_screen": "Yes",
    "master_imu": {
        "ax": 1.4519002437591553,
        "ay": -0.11311890184879303,
        "az": -9.639357566833496,
        "gx": -0.000768032856285572,
        "gy": -0.002086084336042404,
        "gz": 0.009074343368411064
    },
    "sequence": 364,
    "subcategory": "Lemon",
    "subordinate_imu": {
        "ax": 1.4494174718856812,
        "ay": -0.24250102043151855,
        "az": -9.709319114685059,
        "gx": 0.002595203462988138,
        "gy": 0.007260104641318321,
        "gz": -0.002085338346660137
    }
}
