{
    "category": "Fruit",
    "challenge": [
        "good",
        "real",
        "sliced"
    ],
    "comment": "multiple",
    "green_screen": "Yes",
    "master_imu": {
        "ax": 1.3986939191818237,
        "ay": -0.11303959786891937,
        "az": -9.586446762084961,
        "gx": -0.0007501505315303802,
        "gy": -0.0020727775990962982,
        "gz": 0.006656363606452942
    },
    "sequence": 365,
    "subcategory": "Mandarin",
    "subordinate_imu": {
        "ax": 1.4780710935592651,
        "ay": -0.18538960814476013,
        "az": -9.718790054321289,
        "gx": 0.00014274567365646362,
        "gy": 0.003549465909600258,
        "gz": -0.0027093831449747086
    }
}
