{
    "category": "Fruit",
    "challenge": [
        "good",
        "real",
        "sliced"
    ],
    "comment": "multiple",
    "green_screen": "Yes",
    "master_imu": {
        "ax": 1.4468653202056885,
        "ay": -0.1083364337682724,
        "az": -9.577018737792969,
        "gx": 0.0034707235172390938,
        "gy": -0.0033020339906215668,
        "gz": 0.009049753658473492
    },
    "sequence": 366,
    "subcategory": "Mandarin",
    "subordinate_imu": {
        "ax": 1.506747841835022,
        "ay": -0.18065905570983887,
        "az": -9.742571830749512,
        "gx": -0.00047203642316162586,
        "gy": 0.0023098234087228775,
        "gz": -0.003934021107852459
    }
}
