{
    "category": "Fruit",
    "challenge": [
        "good",
        "real",
        "sliced"
    ],
    "comment": "multiple",
    "green_screen": "Yes",
    "master_imu": {
        "ax": 1.3458105325698853,
        "ay": -0.09406577050685883,
        "az": -9.634194374084473,
        "gx": -0.00256186630576849,
        "gy": -0.0014600194990634918,
        "gz": 0.0060619208961725235
    },
    "sequence": 367,
    "subcategory": "Mandarin",
    "subordinate_imu": {
        "ax": 1.454199194908142,
        "ay": -0.2425108253955841,
        "az": -9.718831062316895,
        "gx": 0.0037974193692207336,
        "gy": 0.0017082970589399338,
        "gz": -0.0033231908455491066
    }
}
