{
    "category": "Fruit",
    "challenge": [
        "good",
        "real",
        "sliced"
    ],
    "comment": "",
    "green_screen": "Yes",
    "master_imu": {
        "ax": 1.4084092378616333,
        "ay": -0.16044734418392181,
        "az": -9.596096992492676,
        "gx": 0.001679845154285431,
        "gy": -0.0020578503608703613,
        "gz": 0.006033929996192455
    },
    "sequence": 368,
    "subcategory": "Mandarin",
    "subordinate_imu": {
        "ax": 1.4494297504425049,
        "ay": -0.24728643894195557,
        "az": -9.737853050231934,
        "gx": 0.0007575275376439095,
        "gy": 0.0047891102731227875,
        "gz": -0.0014847461134195328
    }
}
