{
    "category": "Fruit",
    "challenge": [
        "good",
        "real",
        "sliced"
    ],
    "comment": "",
    "green_screen": "Yes",
    "master_imu": {
        "ax": 1.360285758972168,
        "ay": -0.12725074589252472,
        "az": -9.629469871520996,
        "gx": -0.00498587591573596,
        "gy": -0.0020864270627498627,
        "gz": 0.005478766746819019
    },
    "sequence": 369,
    "subcategory": "Mandarin",
    "subordinate_imu": {
        "ax": 1.4780864715576172,
        "ay": -0.19969657063484192,
        "az": -9.747333526611328,
        "gx": 0.0031875772401690483,
        "gy": 0.0023150816559791565,
        "gz": -0.005761752836406231
    }
}
