{
    "category": "Fruit",
    "challenge": [
        "good",
        "real",
        "sliced"
    ],
    "comment": "",
    "green_screen": "Yes",
    "master_imu": {
        "ax": 1.408444881439209,
        "ay": -0.1272839456796646,
        "az": -9.615250587463379,
        "gx": -0.0013594869524240494,
        "gy": -0.00269380584359169,
        "gz": 0.006664250046014786
    },
    "sequence": 370,
    "subcategory": "Mandarin",
    "subordinate_imu": {
        "ax": 1.4924236536026,
        "ay": -0.22824960947036743,
        "az": -9.728343963623047,
        "gx": -0.00046982383355498314,
        "gy": 0.0035353396087884903,
        "gz": -0.0063701169565320015
    }
}
