{
    "category": "Fruit",
    "challenge": [
        "peel",
        "sliced",
        "real",
        "good"
    ],
    "comment": "",
    "green_screen": "Yes",
    "master_imu": {
        "ax": 1.4131163358688354,
        "ay": -0.1414763182401657,
        "az": -9.567337036132812,
        "gx": -0.002566336654126644,
        "gy": -0.0014633461833000183,
        "gz": 0.006666415371000767
    },
    "sequence": 371,
    "subcategory": "Mandarin",
    "subordinate_imu": {
        "ax": 1.468529462814331,
        "ay": -0.17114931344985962,
        "az": -9.771079063415527,
        "gx": 0.003206557361409068,
        "gy": 0.007268115878105164,
        "gz": -0.00025477074086666107
    }
}
