{
    "category": "Fruit",
    "challenge": [
        "real",
        "rotten",
        "good"
    ],
    "comment": "",
    "green_screen": "Yes",
    "master_imu": {
        "ax": 1.3842408657073975,
        "ay": -0.16041429340839386,
        "az": -9.576839447021484,
        "gx": -0.0037835687398910522,
        "gy": -0.00147247314453125,
        "gz": 0.007279879879206419
    },
    "sequence": 291,
    "subcategory": "Lemon",
    "subordinate_imu": {
        "ax": 1.4446501731872559,
        "ay": -0.23301070928573608,
        "az": -9.747349739074707,
        "gx": 0.0019779903814196587,
        "gy": 0.006008226424455643,
        "gz": -0.006970304064452648
    }
}
