{
    "category": "Fruit",
    "challenge": [
        "peel",
        "sliced",
        "real",
        "good"
    ],
    "comment": "",
    "green_screen": "Yes",
    "master_imu": {
        "ax": 1.3649688959121704,
        "ay": -0.11775238811969757,
        "az": -9.591129302978516,
        "gx": -0.0013550883159041405,
        "gy": -0.000842750072479248,
        "gz": 0.00725853955373168
    },
    "sequence": 372,
    "subcategory": "Mandarin",
    "subordinate_imu": {
        "ax": 1.4924083948135376,
        "ay": -0.161615252494812,
        "az": -9.747305870056152,
        "gx": 0.00013810198288410902,
        "gy": 0.0023117177188396454,
        "gz": -0.003933615051209927
    }
}
