{
    "category": "Fruit",
    "challenge": [
        "peel",
        "sliced",
        "real",
        "good"
    ],
    "comment": "",
    "green_screen": "Yes",
    "master_imu": {
        "ax": 1.379431128501892,
        "ay": -0.11776502430438995,
        "az": -9.591177940368652,
        "gx": -0.0013564582914113998,
        "gy": -0.003923408687114716,
        "gz": 0.005462063476443291
    },
    "sequence": 373,
    "subcategory": "Mandarin",
    "subordinate_imu": {
        "ax": 1.4494123458862305,
        "ay": -0.19016128778457642,
        "az": -9.742559432983398,
        "gx": 0.002582082524895668,
        "gy": 0.003550935536623001,
        "gz": -0.004537926055490971
    }
}
