{
    "category": "Fruit",
    "challenge": [
        "peel",
        "sliced",
        "real",
        "good"
    ],
    "comment": "multiple",
    "green_screen": "Yes",
    "master_imu": {
        "ax": 1.3940107822418213,
        "ay": -0.12253798544406891,
        "az": -9.624787330627441,
        "gx": -0.0008021397516131401,
        "gy": -0.006422955542802811,
        "gz": 0.010911639779806137
    },
    "sequence": 374,
    "subcategory": "Mandarin,Lemon",
    "subordinate_imu": {
        "ax": 1.4446393251419067,
        "ay": -0.1901719868183136,
        "az": -9.75682258605957,
        "gx": -0.00046669156290590763,
        "gy": 0.004158293828368187,
        "gz": -0.004537890665233135
    }
}
