{
    "category": "Fruit",
    "challenge": [
        "peel",
        "sliced",
        "real",
        "good"
    ],
    "comment": "multiple",
    "green_screen": "Yes",
    "master_imu": {
        "ax": 1.398734450340271,
        "ay": -0.12252424657344818,
        "az": -9.596040725708008,
        "gx": -0.00015119556337594986,
        "gy": -0.0026913322508335114,
        "gz": 0.007259775418788195
    },
    "sequence": 375,
    "subcategory": "Mandarin,Lemon",
    "subordinate_imu": {
        "ax": 1.458956003189087,
        "ay": -0.19964909553527832,
        "az": -9.699775695800781,
        "gx": 0.0007564212428405881,
        "gy": 0.00417635403573513,
        "gz": -0.0002666981890797615
    }
}
