{
    "category": "Fruit",
    "challenge": [
        "peel",
        "sliced",
        "real",
        "good"
    ],
    "comment": "multiple",
    "green_screen": "Yes",
    "master_imu": {
        "ax": 1.4084805250167847,
        "ay": -0.0941205769777298,
        "az": -9.634405136108398,
        "gx": -0.0031921155750751495,
        "gy": -0.0008647553622722626,
        "gz": 0.00968997273594141
    },
    "sequence": 376,
    "subcategory": "Mandarin,Lemon",
    "subordinate_imu": {
        "ax": 1.4828541278839111,
        "ay": -0.19967353343963623,
        "az": -9.718804359436035,
        "gx": 0.0007500472711399198,
        "gy": 0.0035370904952287674,
        "gz": -0.006979360245168209
    }
}
