{
    "category": "Fruit",
    "challenge": [
        "peel",
        "sliced",
        "real",
        "good",
        "mirror"
    ],
    "comment": "multiple",
    "green_screen": "Yes",
    "master_imu": {
        "ax": 1.369847297668457,
        "ay": -0.1651529222726822,
        "az": -9.595969200134277,
        "gx": -0.0013491036370396614,
        "gy": -0.0014542192220687866,
        "gz": 0.006052951328456402
    },
    "sequence": 377,
    "subcategory": "Mandarin,Lemon,Kettle",
    "subordinate_imu": {
        "ax": 1.5258595943450928,
        "ay": -0.20920544862747192,
        "az": -9.714075088500977,
        "gx": 0.0013660448603332043,
        "gy": 0.0047828517854213715,
        "gz": -0.00392455980181694
    }
}
