{
    "category": "Fruit",
    "challenge": [
        "peel",
        "sliced",
        "real",
        "good",
        "mirror"
    ],
    "comment": "multiple",
    "green_screen": "Yes",
    "master_imu": {
        "ax": 1.408481478691101,
        "ay": -0.13202930986881256,
        "az": -9.624841690063477,
        "gx": -0.0026183268055319786,
        "gy": -0.005813531577587128,
        "gz": 0.010921692475676537
    },
    "sequence": 378,
    "subcategory": "Mandarin,Lemon,Kettle",
    "subordinate_imu": {
        "ax": 1.4924309253692627,
        "ay": -0.22350937128067017,
        "az": -9.752113342285156,
        "gx": -0.0016865625511854887,
        "gy": 0.004156539216637611,
        "gz": -0.003928647376596928
    }
}
