{
    "category": "Fruit",
    "challenge": [
        "peel",
        "sliced",
        "real",
        "good",
        "mirror"
    ],
    "comment": "multiple",
    "green_screen": "Yes",
    "master_imu": {
        "ax": 1.3843282461166382,
        "ay": -0.094090536236763,
        "az": -9.619942665100098,
        "gx": -0.0007398379966616631,
        "gy": 0.0010145381093025208,
        "gz": 0.007243849337100983
    },
    "sequence": 379,
    "subcategory": "Mandarin,Lemon,Kettle",
    "subordinate_imu": {
        "ax": 1.4255199432373047,
        "ay": -0.2234499156475067,
        "az": -9.709293365478516,
        "gx": 0.00014223111793398857,
        "gy": 0.00415407121181488,
        "gz": -0.00636765081435442
    }
}
