{
    "category": "Fruit",
    "challenge": [
        "peel",
        "sliced",
        "real",
        "good",
        "mirror",
        "hot"
    ],
    "comment": "multiple",
    "green_screen": "Yes",
    "master_imu": {
        "ax": 1.389121174812317,
        "ay": -0.11778242886066437,
        "az": -9.605592727661133,
        "gx": -0.0019660117104649544,
        "gy": 0.000998757779598236,
        "gz": 0.009066303260624409
    },
    "sequence": 380,
    "subcategory": "Mandarin,Lemon,Kettle,Cup",
    "subordinate_imu": {
        "ax": 1.4685142040252686,
        "ay": -0.1996564269065857,
        "az": -9.704534530639648,
        "gx": 0.0013534387107938528,
        "gy": 0.0004690811038017273,
        "gz": -0.002718878909945488
    }
}
