{
    "category": "Fruit",
    "challenge": [
        "peel",
        "sliced",
        "real",
        "good",
        "mirror",
        "hot"
    ],
    "comment": "multiple",
    "green_screen": "Yes",
    "master_imu": {
        "ax": 1.3843374252319336,
        "ay": -0.14147792756557465,
        "az": -9.610384941101074,
        "gx": -0.0001452825963497162,
        "gy": -0.0014550723135471344,
        "gz": 0.007252971641719341
    },
    "sequence": 381,
    "subcategory": "Mandarin,Lemon,Kettle,Cup",
    "subordinate_imu": {
        "ax": 1.4159531593322754,
        "ay": -0.1663379967212677,
        "az": -9.733016014099121,
        "gx": 0.0013563521206378937,
        "gy": 0.0023053158074617386,
        "gz": -0.006983078084886074
    }
}
